student_id,attendance_pct,overall_score,subject_count,subject_average,weakest_subject_score,failed_subjects,study_hours_week,commute_hours_day,financial_stress,work_hours_week,parent_support,support_needed
SS1001,79.7,65.3,5,68.0,62.2,0,8.5,0.3,2,5.0,0,0
SS1002,63.5,80.7,6,83.8,75.0,0,0.6,1.7,0,15.7,1,0
SS1003,85.0,82.4,3,73.1,66.0,0,6.8,0.9,0,14.3,1,0
SS1004,87.3,47.5,4,42.6,37.8,0,2.3,2.2,0,0.0,1,0
SS1005,52.6,61.9,4,62.8,54.5,2,7.6,1.9,1,6.0,1,1
SS1006,60.4,83.7,5,73.8,70.2,3,5.5,1.8,1,3.9,0,0
SS1007,77.5,72.6,3,81.1,77.9,0,2.0,0.2,2,0.0,0,0
SS1008,72.2,68.5,4,68.5,56.8,0,4.7,1.4,1,0.0,1,0
SS1009,75.8,63.2,6,52.4,49.3,0,3.3,0.6,1,1.4,1,0
SS1010,65.8,61.0,3,60.2,54.1,1,1.4,1.5,0,2.5,1,0
SS1011,86.6,69.7,5,61.8,55.8,1,13.4,0.0,0,9.0,0,0
SS1012,85.3,62.7,5,70.3,59.1,0,6.2,0.3,2,14.3,1,0
SS1013,76.8,65.4,4,60.3,52.8,0,0.0,2.5,0,10.6,1,0
SS1014,89.5,67.0,3,68.6,57.9,2,4.9,1.8,3,12.3,1,0
SS1015,81.6,57.2,3,61.4,49.0,3,12.6,1.2,0,5.1,1,1
SS1016,65.7,72.9,4,73.6,65.5,2,4.2,0.8,1,11.2,1,0
SS1017,80.4,95.0,3,89.9,85.0,2,15.5,0.6,0,6.0,0,0
SS1018,64.5,42.9,3,37.3,29.7,1,3.7,1.7,2,3.9,0,1
SS1019,86.5,70.2,3,67.3,55.2,2,10.5,1.2,0,20.3,1,0
SS1020,75.4,56.1,3,68.7,59.2,0,13.2,2.7,1,0.0,1,1
SS1021,73.8,73.5,6,86.6,83.1,0,10.3,1.4,3,0.0,1,0
SS1022,67.8,66.6,5,73.0,69.9,1,1.1,1.5,1,9.7,1,0
SS1023,90.7,75.9,3,86.0,76.9,1,3.3,0.4,0,5.1,1,0
SS1024,74.1,81.3,5,84.3,74.5,0,13.9,1.2,2,0.0,1,0
SS1025,70.9,68.5,3,57.9,50.8,1,4.0,1.6,1,0.0,1,0
SS1026,71.8,80.7,4,84.0,76.9,0,12.9,1.2,0,0.5,0,0
SS1027,82.4,35.5,3,41.2,36.9,0,5.8,1.1,1,13.2,1,1
SS1028,80.4,86.7,3,81.4,76.6,0,8.7,1.8,2,15.5,0,0
SS1029,81.0,70.9,3,77.9,71.4,0,1.1,2.7,1,18.5,1,0
SS1030,81.2,80.0,4,84.5,76.1,0,5.0,1.6,2,0.0,1,0
SS1031,100.0,50.1,4,43.0,35.5,1,3.6,2.4,2,0.0,1,0
SS1032,71.1,55.2,4,55.5,45.6,0,9.1,2.0,1,0.0,1,0
SS1033,69.9,67.9,5,79.8,62.5,0,8.5,2.4,0,16.0,1,0
SS1034,66.2,65.8,5,65.9,53.4,0,10.3,1.0,2,9.9,0,0
SS1035,83.4,69.7,5,61.0,50.5,1,5.5,1.3,0,7.6,0,0
SS1036,89.5,80.1,5,78.9,59.8,0,3.3,1.3,0,8.6,1,0
SS1037,74.6,43.1,5,44.8,38.2,2,8.9,1.9,0,6.6,1,1
SS1038,65.9,78.7,4,77.2,74.8,2,2.9,2.1,2,0.0,1,0
SS1039,66.1,66.1,3,64.5,54.7,1,13.4,1.6,0,10.6,0,1
SS1040,83.8,63.4,4,78.8,65.7,3,7.4,2.2,0,5.7,1,0
SS1041,84.9,46.9,3,48.9,46.0,1,6.4,1.0,0,0.0,1,0
SS1042,82.5,72.5,6,72.7,56.3,1,10.3,2.2,0,11.0,0,0
SS1043,68.0,34.6,4,24.1,20.0,1,7.6,2.3,3,4.0,0,1
SS1044,78.8,74.4,6,65.2,63.8,0,0.0,2.0,1,8.6,1,0
SS1045,77.4,46.6,6,49.0,35.0,0,2.7,1.6,2,6.1,1,1
SS1046,78.6,66.7,4,60.5,50.3,0,13.3,2.1,2,13.2,1,1
SS1047,86.5,64.5,6,54.5,20.0,1,8.4,0.8,0,8.5,1,1
SS1048,78.7,81.2,4,79.6,69.0,1,0.0,1.7,2,0.8,1,0
SS1049,84.1,63.7,3,77.4,66.0,2,9.8,1.7,3,9.3,0,0
SS1050,76.8,57.0,3,41.3,29.0,0,5.2,0.4,2,9.5,1,1
SS1051,79.5,59.4,3,69.3,53.9,0,3.6,1.9,2,10.6,0,1
SS1052,83.6,82.5,6,67.1,43.7,0,2.3,0.5,1,14.3,1,0
SS1053,58.5,73.0,4,76.8,64.2,0,13.0,1.2,2,2.7,0,0
SS1054,72.2,61.0,4,59.7,52.3,0,0.0,1.5,0,11.7,1,1
SS1055,70.4,62.9,4,57.7,30.0,0,3.8,0.9,2,0.0,1,0
SS1056,68.3,45.6,4,63.7,51.9,0,8.6,1.6,0,6.2,1,0
SS1057,72.7,71.1,6,76.5,70.8,0,15.9,1.6,1,5.1,1,0
SS1058,93.9,43.1,6,50.0,34.8,1,10.8,0.8,2,17.1,1,1
SS1059,65.6,75.8,3,76.6,72.0,0,3.8,2.0,1,5.9,1,0
SS1060,87.6,67.7,5,70.9,61.9,1,15.6,0.9,0,11.3,0,0
SS1061,55.8,95.0,4,81.6,68.9,0,1.2,3.3,2,0.0,0,0
SS1062,72.0,51.7,3,56.6,51.3,0,9.3,1.4,3,4.5,1,0
SS1063,78.0,64.7,6,56.9,34.2,0,10.4,0.6,1,1.1,1,0
SS1064,83.0,89.4,3,84.2,74.8,1,3.6,0.7,2,24.3,1,0
SS1065,84.5,81.5,3,73.6,53.7,0,11.5,2.4,2,2.3,1,0
SS1066,85.5,56.9,3,43.5,35.7,2,5.4,1.2,2,7.5,1,1
SS1067,71.8,68.9,4,64.5,57.1,0,11.5,0.4,0,7.9,1,0
SS1068,70.5,66.0,5,61.8,43.7,0,0.0,2.2,1,0.0,1,0
SS1069,86.3,69.7,4,67.9,63.1,2,9.7,1.2,2,3.3,1,1
SS1070,73.7,56.9,3,58.1,44.3,0,5.9,2.0,3,9.8,1,0
SS1071,60.7,64.8,3,55.7,44.8,0,13.7,2.2,0,7.6,1,0
SS1072,62.4,45.2,6,46.3,32.7,1,7.8,1.7,0,0.0,1,0
SS1073,65.0,67.8,6,68.0,61.3,1,14.2,3.4,0,3.0,0,0
SS1074,82.0,71.9,6,72.0,64.2,0,10.5,0.1,2,14.1,1,0
SS1075,77.7,63.0,5,62.4,59.1,0,7.4,0.8,2,11.1,1,0
SS1076,84.3,45.0,5,47.4,20.0,0,11.9,1.3,1,15.5,0,1
SS1077,70.9,78.9,6,77.0,69.5,1,12.0,3.3,0,0.1,1,0
SS1078,77.9,70.7,5,79.2,70.8,1,10.4,2.9,0,16.0,1,0
SS1079,83.5,56.6,4,52.4,43.0,1,0.0,2.5,2,6.7,1,0
SS1080,72.3,62.4,4,65.4,63.3,2,3.1,0.9,0,18.1,1,0
SS1081,81.5,46.5,4,57.0,49.9,2,14.9,1.0,0,7.0,1,1
SS1082,68.1,52.7,3,53.7,44.8,1,1.7,0.8,0,0.0,0,0
SS1083,71.6,59.0,3,56.0,51.5,1,12.4,0.9,2,12.9,1,1
SS1084,71.4,82.0,5,89.8,84.1,1,11.5,2.7,1,3.9,1,0
SS1085,61.6,57.7,6,60.7,56.3,1,4.4,1.3,0,4.4,1,1
SS1086,81.8,74.3,3,70.2,64.4,1,0.0,1.4,0,0.0,1,0
SS1087,70.4,59.0,3,60.5,56.4,1,5.2,2.1,3,18.4,0,1
SS1088,76.1,69.2,3,73.9,60.2,0,18.4,0.2,1,3.4,1,0
SS1089,81.8,64.2,6,59.8,37.6,0,3.7,1.5,1,18.0,0,0
SS1090,81.4,77.3,4,76.3,69.6,1,4.0,0.6,0,4.0,1,0
SS1091,84.0,59.0,4,63.1,57.2,1,3.0,1.3,0,0.5,1,1
SS1092,74.8,45.6,3,38.7,26.6,1,14.1,1.0,2,16.2,1,1
SS1093,70.9,48.0,6,54.3,43.8,0,6.8,1.0,2,6.5,1,1
SS1094,75.0,59.1,4,48.3,44.5,0,4.9,1.7,1,6.6,1,1
SS1095,55.8,49.8,6,41.5,39.9,0,15.1,1.7,2,0.0,1,1
SS1096,58.6,71.3,5,62.6,40.0,0,10.9,1.3,0,3.8,1,1
SS1097,60.1,59.9,3,58.7,54.2,0,3.4,1.8,2,10.0,1,0
SS1098,64.0,95.0,6,91.3,85.4,1,1.9,0.8,0,0.0,1,0
SS1099,80.8,43.4,5,50.3,37.3,0,13.8,2.0,0,3.2,0,1
SS1100,65.1,68.6,5,66.5,56.3,1,8.1,1.3,2,4.1,1,1
SS1101,71.5,51.3,3,61.7,45.5,0,0.3,1.1,3,7.5,1,1
SS1102,91.6,59.6,6,63.5,54.3,0,0.0,0.9,2,17.4,1,0
SS1103,71.7,67.8,6,62.5,55.6,0,2.4,1.3,1,4.9,1,0
SS1104,84.9,35.8,4,30.0,20.0,0,1.8,3.0,2,2.2,1,0
SS1105,64.8,69.1,3,63.3,44.8,2,0.0,1.4,2,26.2,1,1
SS1106,73.5,90.7,6,88.8,80.9,0,2.5,0.6,0,4.0,1,0
SS1107,64.6,60.1,6,66.3,39.5,0,3.4,2.2,1,5.7,1,1
SS1108,71.9,69.4,5,67.8,61.5,1,5.7,1.1,1,4.5,1,0
SS1109,86.1,79.3,5,82.7,66.8,0,16.5,1.7,1,5.1,1,0
SS1110,55.3,63.9,3,89.1,87.0,0,6.7,1.0,2,7.5,0,0
SS1111,81.2,58.4,3,53.4,47.4,0,7.2,2.5,1,13.4,1,0
SS1112,78.9,36.4,6,31.3,27.2,1,10.5,1.0,0,9.8,0,1
SS1113,68.9,74.3,4,78.0,60.1,0,6.8,2.6,0,14.5,1,0
SS1114,58.6,64.5,4,66.1,53.4,2,10.0,0.7,2,14.3,1,1
SS1115,76.9,52.8,5,57.2,31.7,0,9.4,1.3,0,8.5,0,1
SS1116,69.6,67.6,3,70.0,64.7,1,8.6,2.6,2,9.6,1,0
SS1117,78.8,58.4,3,58.8,52.9,0,21.8,1.6,0,14.8,0,0
SS1118,76.3,59.1,3,58.2,50.6,0,12.6,3.3,0,0.0,1,0
SS1119,95.2,73.9,4,64.7,48.0,0,2.6,1.3,2,24.5,1,0
SS1120,73.1,48.6,4,50.3,44.7,4,9.9,1.7,1,3.4,0,1
SS1121,63.7,79.6,3,83.0,71.8,1,4.0,3.0,2,4.5,1,0
SS1122,78.2,47.8,4,45.1,38.5,0,10.2,0.3,0,0.0,0,1
SS1123,78.6,57.4,4,64.4,55.8,0,1.1,0.2,1,0.0,0,0
SS1124,92.3,91.0,5,84.8,77.1,0,2.5,0.9,1,13.8,1,0
SS1125,86.0,80.7,5,82.9,75.0,0,9.7,2.2,2,22.9,1,0
SS1126,80.3,67.3,6,63.7,38.2,0,13.0,0.2,0,3.0,0,0
SS1127,93.6,53.8,6,53.0,30.2,0,10.5,2.0,0,9.4,1,0
SS1128,61.7,59.1,4,62.6,49.6,1,12.3,1.9,1,8.5,0,1
SS1129,68.3,67.0,6,62.1,55.8,0,9.9,3.1,3,14.0,1,1
SS1130,64.9,66.5,5,69.1,55.4,0,8.9,2.3,2,22.5,1,1
SS1131,71.3,64.8,3,59.5,21.0,0,5.5,1.8,2,17.6,1,1
SS1132,59.5,65.6,4,64.9,57.9,1,12.1,2.6,1,5.3,0,0
SS1133,83.6,63.2,5,78.2,65.5,0,13.1,1.9,1,10.7,0,1
SS1134,73.3,47.3,6,34.9,26.1,0,7.7,1.1,2,11.4,1,1
SS1135,58.4,59.3,4,55.7,52.0,2,7.4,0.6,2,6.9,1,1
SS1136,63.8,77.9,3,77.1,62.1,0,16.0,1.0,2,0.0,1,1
SS1137,79.8,48.2,3,49.2,41.7,2,7.9,1.5,2,1.4,1,1
SS1138,86.1,63.5,3,61.5,51.4,0,8.4,1.6,2,15.0,1,0
SS1139,100.0,55.3,5,53.4,46.5,0,10.4,0.0,0,15.8,1,0
SS1140,100.0,67.4,5,54.5,34.2,0,7.5,1.3,0,5.5,1,0
SS1141,81.0,60.9,4,62.7,46.3,4,3.9,1.5,3,8.8,1,1
SS1142,64.1,85.2,5,86.2,73.2,1,9.9,1.9,1,15.4,1,0
SS1143,50.4,72.6,6,86.7,76.9,0,7.8,2.8,0,0.0,1,0
SS1144,79.2,48.9,6,58.4,51.1,1,17.2,1.6,1,3.9,1,0
SS1145,66.2,74.7,3,81.3,73.7,3,11.9,0.8,1,21.1,0,1
SS1146,71.0,55.9,5,54.9,32.0,0,5.0,0.0,2,9.1,1,1
SS1147,68.7,58.5,6,52.8,50.9,0,11.6,2.0,2,0.0,1,1
SS1148,74.3,70.1,6,70.1,56.6,1,9.5,0.8,0,7.8,0,0
SS1149,88.8,59.6,4,54.4,40.9,1,14.5,2.2,1,14.2,1,1
SS1150,77.9,77.6,4,71.9,47.4,0,5.4,2.6,0,0.0,0,0
SS1151,74.1,55.9,6,63.8,46.7,0,8.9,0.3,2,8.2,1,0
SS1152,63.6,58.0,3,64.2,53.2,2,7.5,1.9,0,4.4,1,0
SS1153,55.9,57.5,5,65.9,56.6,0,8.3,2.5,1,0.0,1,0
SS1154,70.2,58.6,3,52.2,46.0,0,3.6,2.3,1,7.6,1,1
SS1155,75.4,80.3,6,75.0,54.3,0,10.9,0.0,1,6.0,1,0
SS1156,97.2,74.2,3,89.2,80.5,0,10.1,0.8,1,6.8,1,0
SS1157,77.6,88.2,3,87.7,74.9,0,14.4,0.5,2,4.6,1,0
SS1158,87.8,95.0,4,80.5,70.1,1,7.9,1.9,1,0.0,1,1
SS1159,70.0,52.6,3,54.6,39.2,0,5.9,1.8,0,0.0,0,1
SS1160,61.8,66.9,4,64.6,50.9,1,11.9,0.0,0,2.2,1,0
SS1161,64.4,50.7,4,72.7,59.4,0,4.0,1.3,1,13.0,0,0
SS1162,67.3,55.9,4,58.9,53.3,0,13.4,2.1,0,8.6,1,0
SS1163,100.0,57.8,5,59.6,53.2,2,13.4,1.6,2,6.5,1,1
SS1164,66.1,52.3,5,62.8,59.5,0,14.3,1.6,0,0.0,1,0
SS1165,86.1,52.3,6,41.0,28.2,1,9.9,1.2,2,4.4,1,1
SS1166,65.2,64.1,4,61.6,38.7,0,5.6,0.7,0,12.2,0,0
SS1167,87.2,50.2,5,49.6,29.2,0,8.5,1.5,2,10.5,1,1
SS1168,80.6,76.9,5,75.4,66.6,1,9.9,1.5,0,3.7,1,1
SS1169,74.1,54.1,3,49.2,33.3,2,5.2,2.0,1,0.0,0,1
SS1170,75.5,95.0,5,96.7,90.2,1,14.7,2.1,0,2.3,1,0
SS1171,68.1,60.1,6,67.0,58.8,3,10.9,1.6,1,3.6,1,0
SS1172,81.4,66.9,4,64.5,39.3,2,3.5,2.4,0,0.7,0,0
SS1173,70.5,49.2,3,51.4,39.1,1,17.4,1.2,2,4.1,1,1
SS1174,61.3,88.2,4,82.2,76.0,1,8.5,0.3,1,12.7,1,0
SS1175,60.7,80.6,4,74.9,67.1,0,2.5,1.9,3,6.7,0,0
SS1176,78.1,69.9,5,68.0,58.0,3,3.8,1.6,2,13.9,1,0
SS1177,94.9,48.5,6,51.4,43.8,0,15.4,1.9,1,0.0,1,1
SS1178,77.9,68.7,5,68.6,51.3,0,17.1,0.5,2,4.9,1,0
SS1179,74.6,51.4,3,45.7,20.0,0,13.0,2.9,0,0.0,0,1
SS1180,79.4,85.0,4,82.2,69.0,1,14.6,2.1,1,4.0,1,0
SS1181,91.7,76.5,5,72.1,60.6,0,14.1,1.3,0,0.0,1,1
SS1182,78.6,67.2,4,64.6,58.9,0,10.8,0.8,2,16.0,1,0
SS1183,71.1,34.3,5,43.9,20.0,0,9.6,2.4,0,9.9,1,0
SS1184,89.3,53.2,5,50.5,48.4,2,10.7,0.6,1,14.1,1,0
SS1185,81.1,74.9,4,77.1,76.0,0,11.7,3.3,1,4.0,1,0
SS1186,94.4,81.8,5,73.0,68.1,0,4.3,1.0,1,0.0,1,0
SS1187,78.2,80.4,4,84.9,68.1,0,11.7,2.9,0,0.0,1,0
SS1188,61.3,45.3,3,50.3,43.8,2,15.3,1.4,1,8.9,1,1
SS1189,59.6,69.9,4,75.4,72.0,1,7.0,2.8,2,19.7,1,0
SS1190,95.8,79.2,4,92.0,88.1,0,6.4,0.9,0,9.9,1,0
SS1191,96.7,44.4,3,52.2,51.7,1,10.4,1.5,0,4.4,1,1
SS1192,73.8,65.9,6,60.0,48.0,0,4.8,2.1,3,5.7,1,1
SS1193,71.4,69.6,5,68.0,58.2,2,1.4,2.0,3,6.8,1,0
SS1194,93.5,62.1,3,68.8,49.2,1,13.7,2.4,0,21.2,0,0
SS1195,62.7,41.9,6,38.2,32.5,1,5.7,1.1,1,15.6,1,1
SS1196,65.3,61.8,6,59.3,47.9,1,8.1,1.6,0,8.8,1,1
SS1197,83.7,61.7,3,55.8,37.4,2,4.9,2.5,3,7.8,1,1
SS1198,71.3,64.1,3,56.0,38.9,1,14.4,0.9,1,9.1,1,1
SS1199,75.9,58.7,4,51.6,49.2,1,12.3,2.0,1,10.5,1,1
SS1200,74.0,60.2,5,63.5,56.3,0,6.8,1.3,0,4.1,0,1
SS1201,80.1,65.5,5,55.2,44.0,1,2.1,1.7,1,1.1,1,1
SS1202,92.9,71.8,4,60.9,54.7,1,6.3,1.6,0,14.2,1,0
SS1203,77.1,62.0,5,67.2,54.8,0,10.9,0.9,2,7.2,1,0
SS1204,83.7,60.7,3,65.0,59.9,0,8.9,1.3,1,13.6,1,0
SS1205,51.4,67.2,5,76.3,65.1,1,8.5,1.6,1,18.5,1,0
SS1206,75.4,41.0,6,48.1,45.8,0,9.1,1.4,2,10.6,0,1
SS1207,65.9,72.2,5,67.4,59.4,0,11.8,2.8,0,9.5,0,0
SS1208,61.4,66.0,4,53.6,47.8,1,7.8,2.3,0,29.4,1,1
SS1209,65.5,66.5,4,81.0,65.3,1,10.3,1.7,1,8.4,1,0
SS1210,72.0,78.5,6,82.4,62.4,1,3.1,0.9,2,0.0,1,0
SS1211,87.0,40.6,3,43.6,39.2,0,20.8,0.8,0,5.0,1,0
SS1212,60.1,40.3,4,37.4,30.7,0,6.6,3.1,2,17.9,1,1
SS1213,76.4,69.6,3,72.5,57.5,0,9.0,0.7,1,0.0,1,0
SS1214,70.2,65.9,6,60.6,48.5,1,10.8,1.6,1,1.7,0,1
SS1215,72.1,68.2,4,66.7,58.1,1,5.9,1.8,1,14.7,1,0
SS1216,88.0,60.0,6,74.2,63.4,0,8.0,1.3,0,5.1,0,0
SS1217,82.5,74.6,5,73.0,55.0,2,8.0,0.7,0,6.2,0,0
SS1218,92.0,78.1,5,63.0,53.6,1,3.4,0.9,2,14.5,1,0
SS1219,74.1,72.3,5,75.6,72.5,0,10.2,1.1,1,2.0,1,0
SS1220,67.6,62.6,3,58.0,52.9,1,0.0,0.9,1,0.0,1,0
SS1221,73.3,38.6,5,32.9,20.0,0,16.8,2.6,3,0.0,0,1
SS1222,78.9,76.0,5,75.0,56.7,2,12.0,1.5,0,11.1,1,0
SS1223,78.1,81.9,6,89.2,70.0,0,11.2,1.1,1,8.8,0,0
SS1224,63.0,74.4,5,87.0,70.0,0,0.0,1.6,0,2.2,1,0
SS1225,77.1,54.6,6,50.6,49.3,0,4.0,2.0,0,0.0,1,1
SS1226,78.7,74.8,6,62.1,50.2,1,14.9,1.2,3,5.1,0,1
SS1227,100.0,77.2,5,77.5,69.6,1,28.8,2.2,3,14.8,1,0
SS1228,98.5,86.3,4,76.1,50.3,2,14.0,0.5,0,1.1,0,0
SS1229,65.8,54.6,3,49.6,40.5,2,13.2,2.4,3,2.4,1,0
SS1230,72.6,63.1,4,75.5,63.5,2,10.6,1.5,0,0.0,1,0
SS1231,58.4,75.7,6,75.1,63.9,0,3.8,1.5,3,4.4,1,0
SS1232,68.9,66.7,3,69.6,60.6,1,13.0,0.9,2,9.4,1,0
SS1233,79.8,51.5,4,59.1,49.9,0,2.5,0.5,0,21.8,0,0
SS1234,90.5,71.4,5,66.9,48.6,0,1.9,0.2,1,8.5,1,0
SS1235,67.3,73.5,3,71.4,56.3,0,1.6,0.9,2,6.6,1,0
SS1236,68.2,67.1,6,72.3,64.2,0,12.9,2.0,0,13.0,1,0
SS1237,50.2,68.9,5,66.2,59.1,0,7.7,0.7,0,11.9,1,0
SS1238,74.0,62.6,3,70.3,58.8,1,8.5,0.3,1,3.0,0,0
SS1239,63.3,85.2,3,79.8,68.8,0,7.9,0.8,0,23.1,1,0
SS1240,69.6,54.3,5,59.9,48.9,2,2.4,1.2,0,6.8,0,1
SS1241,65.5,58.4,6,53.7,39.8,0,4.6,1.2,0,8.7,1,0
SS1242,74.9,66.1,6,80.5,68.2,2,4.9,1.4,2,10.9,1,0
SS1243,54.9,77.4,6,72.6,63.1,0,1.0,2.3,0,9.4,1,0
SS1244,58.4,46.5,3,35.9,20.1,1,5.5,2.5,1,17.7,1,1
SS1245,100.0,49.0,5,46.7,30.2,1,2.6,3.1,0,2.9,1,1
SS1246,60.6,39.5,3,47.7,44.3,2,10.9,0.2,0,12.5,0,1
SS1247,62.8,66.4,3,84.0,62.1,1,11.3,0.8,1,8.2,1,0
SS1248,98.0,51.5,5,46.2,43.4,0,1.5,2.1,0,13.9,0,1
SS1249,100.0,61.0,4,66.6,53.5,1,6.5,1.1,1,5.5,1,0
SS1250,61.9,74.6,5,71.0,59.1,0,17.3,2.2,1,4.5,1,0
SS1251,71.6,57.7,6,67.3,60.6,0,3.1,1.7,1,12.1,1,0
SS1252,80.1,69.0,3,72.4,57.5,1,10.1,2.8,0,9.5,1,0
SS1253,96.7,62.1,5,67.2,50.8,0,8.5,2.3,2,1.3,1,0
SS1254,64.2,74.7,6,74.6,62.0,0,13.5,2.3,0,16.4,0,0
SS1255,73.1,72.2,4,55.9,43.8,0,9.5,1.2,2,12.1,0,0
SS1256,85.3,57.0,5,66.8,59.5,2,5.8,1.4,0,6.5,1,0
SS1257,81.2,63.8,4,61.6,53.0,0,8.3,1.3,0,3.7,1,0
SS1258,71.5,79.6,6,75.9,69.9,1,8.4,0.3,1,9.5,1,0
SS1259,74.4,71.1,3,72.1,51.1,1,7.5,2.7,0,11.6,1,0
SS1260,59.5,47.8,6,41.5,36.6,0,1.4,2.1,1,0.0,1,1
SS1261,73.1,74.5,6,68.0,64.3,1,14.2,1.2,2,9.6,1,0
SS1262,72.8,51.9,6,49.9,39.3,1,13.3,2.5,2,11.6,0,1
SS1263,78.8,84.4,4,78.8,69.9,0,2.8,1.0,1,0.0,1,0
SS1264,69.3,79.3,5,86.4,77.9,0,6.5,0.0,3,8.4,1,0
SS1265,81.7,69.8,4,77.8,69.4,2,6.9,2.3,1,11.9,0,0
SS1266,88.2,68.0,4,74.3,70.6,0,2.2,0.5,0,11.1,1,0
SS1267,77.9,63.3,6,77.4,69.3,1,0.0,1.3,2,12.6,1,0
SS1268,80.2,74.8,5,79.9,67.3,1,4.6,1.7,0,4.7,0,0
SS1269,76.6,61.2,5,66.9,60.7,0,6.2,1.8,0,0.0,1,0
SS1270,76.0,69.1,3,62.6,38.7,1,0.8,2.2,0,0.0,1,1
SS1271,67.3,77.3,6,75.8,63.0,0,8.9,2.0,0,14.6,1,0
SS1272,79.8,58.7,5,67.0,64.5,2,13.8,1.9,0,11.9,0,0
SS1273,74.8,58.0,6,37.1,36.0,0,12.2,0.9,0,15.2,1,1
SS1274,100.0,50.5,3,42.0,38.7,1,7.4,1.7,1,1.9,1,1
SS1275,94.9,52.2,5,56.3,48.3,1,0.0,0.3,2,12.6,1,0
SS1276,80.6,42.2,5,45.3,21.4,0,11.6,2.7,3,0.0,1,1
SS1277,66.8,75.5,5,77.4,68.0,0,8.7,0.4,0,0.9,1,0
SS1278,62.7,89.5,3,93.7,81.2,1,10.1,1.2,0,7.9,1,0
SS1279,90.3,84.5,4,88.0,80.1,2,17.7,0.4,1,11.6,0,0
SS1280,79.2,44.9,4,53.1,48.4,0,3.9,0.9,0,18.8,1,1
SS1281,81.8,75.4,5,84.9,73.4,0,0.0,1.5,0,5.3,0,0
SS1282,55.1,84.5,3,82.3,70.0,0,2.7,1.1,1,0.9,0,0
SS1283,87.1,60.1,4,62.3,49.7,2,10.4,2.4,2,0.6,0,1
SS1284,81.5,67.3,5,62.3,58.8,0,8.1,1.7,0,2.2,0,1
SS1285,62.7,39.9,3,33.3,20.0,0,1.9,1.1,1,22.5,1,0
SS1286,70.3,69.5,6,63.2,59.9,0,0.9,1.4,1,12.3,0,0
SS1287,79.2,52.2,5,63.4,56.3,1,6.2,2.5,2,14.8,1,0
SS1288,76.6,68.6,3,76.0,70.5,0,1.8,2.2,0,5.3,1,0
SS1289,72.5,45.7,3,57.8,43.5,1,10.6,0.6,2,7.0,1,1
SS1290,74.8,73.1,6,69.6,57.8,0,5.9,1.0,2,11.9,1,0
SS1291,73.0,79.3,4,83.5,66.3,1,4.9,1.9,0,3.5,1,0
SS1292,77.8,55.8,6,55.5,47.6,0,4.2,1.8,1,5.0,0,0
SS1293,93.7,51.2,4,56.0,43.0,0,9.3,0.7,1,2.3,1,0
SS1294,45.2,38.0,4,38.9,20.1,0,8.2,2.1,0,3.9,1,1
SS1295,73.2,62.5,4,68.9,57.9,2,9.0,0.8,1,7.3,1,0
SS1296,78.1,58.4,5,54.7,45.1,0,8.9,2.5,1,1.2,0,1
SS1297,79.6,45.8,3,42.6,36.8,2,7.6,1.9,2,9.0,1,1
SS1298,71.5,71.9,4,66.1,41.0,2,2.8,0.6,0,9.0,1,0
SS1299,54.9,60.2,4,59.2,48.6,0,4.3,1.1,1,5.7,0,0
SS1300,79.9,52.0,3,67.1,64.5,1,6.0,1.1,0,1.2,0,0
SS1301,96.7,58.8,4,46.4,28.3,2,18.3,1.6,1,7.7,1,1
SS1302,57.6,79.9,5,83.4,79.2,2,1.3,1.3,1,3.5,1,0
SS1303,86.4,73.8,5,58.6,34.6,0,5.9,0.6,1,7.3,1,1
SS1304,72.1,64.3,3,64.6,59.2,0,8.5,0.4,1,14.7,0,0
SS1305,75.3,74.0,6,89.5,78.4,0,6.5,1.9,0,0.0,1,0
SS1306,63.4,50.9,6,51.8,42.3,0,13.4,1.7,0,22.2,1,1
SS1307,72.0,66.4,5,77.1,58.3,1,6.5,1.6,2,6.5,1,0
SS1308,91.6,67.9,6,70.7,65.2,1,6.8,1.7,0,9.9,1,0
SS1309,83.0,59.9,4,59.7,56.6,1,12.1,1.0,2,1.7,1,0
SS1310,96.8,71.7,6,68.0,54.3,1,17.1,1.6,1,15.0,1,0
SS1311,90.1,55.9,5,56.6,37.0,1,15.0,3.5,2,6.1,1,1
SS1312,81.3,72.6,5,72.8,56.2,1,7.3,2.4,0,4.2,0,1
SS1313,96.9,73.2,3,75.8,49.2,1,7.8,1.3,1,3.0,1,0
SS1314,81.3,28.1,5,25.8,20.0,0,8.2,1.1,0,5.1,0,0
SS1315,85.9,81.5,6,88.4,78.4,1,8.7,0.0,3,9.9,1,0
SS1316,72.4,26.4,6,26.9,22.9,2,3.8,2.4,1,8.2,1,1
SS1317,76.8,58.0,4,64.1,50.1,0,12.7,2.1,1,6.7,1,0
SS1318,67.6,79.3,3,85.8,72.7,0,9.0,1.1,2,2.0,1,0
SS1319,87.9,61.9,5,55.5,38.6,2,7.8,0.4,0,1.6,0,1
SS1320,61.9,46.9,3,49.5,41.6,0,1.6,0.6,1,3.8,1,1
SS1321,85.4,51.8,3,45.2,23.5,0,8.3,1.9,2,10.2,0,1
SS1322,73.7,79.3,5,73.3,70.7,1,0.0,1.4,0,11.6,1,0
SS1323,90.1,41.0,6,39.0,33.9,0,5.1,2.1,3,12.6,1,1
SS1324,85.0,80.7,4,88.2,80.8,1,5.2,1.6,2,7.0,1,0
SS1325,97.8,65.3,4,61.0,55.8,1,9.4,2.3,3,9.7,1,0
SS1326,84.8,50.5,4,43.8,26.6,1,17.4,1.8,2,5.8,0,1
SS1327,57.1,58.4,4,59.3,46.3,1,10.9,2.2,0,0.0,1,0
SS1328,75.2,52.8,3,54.2,43.0,1,15.2,0.0,1,5.5,1,0
SS1329,61.9,77.3,5,70.8,48.7,1,11.2,0.5,0,4.4,0,1
SS1330,69.8,75.5,5,88.6,79.4,2,13.6,1.2,2,0.0,1,0
SS1331,94.1,43.7,4,39.5,27.9,1,17.3,2.4,0,3.0,1,0
SS1332,83.7,60.8,4,64.9,61.3,0,4.3,3.0,2,7.9,1,0
SS1333,67.6,54.8,6,55.7,52.6,1,4.0,1.4,0,0.0,1,0
SS1334,63.8,82.8,3,89.3,82.5,1,11.3,1.0,0,2.0,0,0
SS1335,76.4,48.4,3,49.1,46.7,1,8.0,0.0,0,17.8,1,1
SS1336,61.4,86.9,3,93.0,87.7,1,9.1,2.2,2,0.0,1,0
SS1337,67.9,65.6,6,63.3,59.1,0,6.8,1.1,0,5.7,0,0
SS1338,79.7,50.9,4,51.1,39.5,0,5.0,3.9,0,0.0,1,1
SS1339,89.9,57.2,3,61.4,37.7,0,16.1,0.9,0,1.7,1,0
SS1340,83.3,55.6,6,40.2,21.3,1,2.5,3.2,0,5.6,0,1
SS1341,48.5,49.4,3,59.4,50.6,1,11.4,2.1,3,0.1,1,1
SS1342,79.7,67.2,4,74.0,49.3,0,10.6,0.7,1,11.0,1,0
SS1343,76.9,50.0,3,46.9,33.2,0,0.1,1.7,0,16.5,0,1
SS1344,81.0,37.7,5,25.8,20.0,1,3.8,2.1,0,12.9,1,1
SS1345,95.4,61.1,5,61.3,47.7,1,4.7,1.3,0,14.2,0,0
SS1346,51.2,42.6,6,44.3,36.6,1,10.8,2.2,0,0.0,1,1
SS1347,68.9,56.2,4,64.1,61.7,1,6.2,2.2,0,5.3,1,0
SS1348,83.1,54.2,4,61.8,61.0,1,7.6,2.0,0,10.3,1,1
SS1349,57.0,54.7,6,55.8,33.4,1,0.7,1.5,0,13.1,1,1
SS1350,93.7,92.0,6,95.8,87.9,1,19.6,0.6,0,19.3,0,0
SS1351,80.4,66.7,3,55.9,52.4,1,8.4,1.4,2,14.5,1,1
SS1352,86.2,69.2,5,67.7,49.7,0,10.5,1.6,0,13.3,1,0
SS1353,69.1,42.9,6,53.6,42.6,1,5.3,0.0,1,25.4,1,0
SS1354,85.8,57.5,5,54.2,35.3,0,4.7,1.6,1,7.7,1,0
SS1355,88.8,68.8,5,61.9,52.5,3,17.6,1.4,2,5.0,1,0
SS1356,78.8,52.7,3,61.6,37.0,1,0.0,0.5,0,8.2,1,0
SS1357,78.8,77.8,3,80.9,72.2,0,9.4,1.2,2,0.6,1,0
SS1358,79.2,50.4,3,46.0,33.4,1,1.9,1.3,2,7.5,0,1
SS1359,65.6,62.3,3,63.3,59.3,2,6.0,3.0,3,0.0,0,1
SS1360,74.2,58.4,6,37.4,32.6,0,4.8,1.7,2,3.3,1,0
SS1361,74.2,68.1,5,64.0,47.4,0,3.1,2.3,0,6.2,0,0
SS1362,80.6,57.7,6,58.7,52.4,0,8.2,1.4,3,13.6,1,0
SS1363,88.0,62.5,4,45.0,23.6,1,0.0,0.0,2,14.8,1,1
SS1364,63.3,62.9,6,60.4,44.8,1,6.4,2.0,0,0.3,1,0
SS1365,74.5,56.5,3,56.3,30.9,1,7.5,1.0,0,21.5,0,1
SS1366,93.8,72.3,6,74.0,61.6,0,1.2,1.2,3,8.0,1,0
SS1367,67.1,69.1,3,55.0,42.0,1,15.6,0.7,0,8.7,1,0
SS1368,66.1,64.8,3,74.7,69.7,1,5.0,1.6,2,0.0,1,0
SS1369,78.4,60.4,3,77.7,66.5,0,6.8,2.4,1,2.7,1,0
SS1370,86.1,76.4,6,66.1,44.5,2,5.0,2.2,2,14.3,0,1
SS1371,76.1,62.9,4,64.6,49.2,0,7.6,2.8,0,8.2,1,1
SS1372,91.9,62.0,4,54.5,36.7,0,14.5,2.9,2,7.8,0,1
SS1373,86.3,67.4,4,66.4,49.8,0,20.4,0.0,1,8.6,1,0
SS1374,86.1,88.1,6,86.2,75.7,0,11.7,0.5,3,0.0,1,0
SS1375,82.6,48.6,4,46.9,39.6,0,13.4,0.1,0,6.3,0,0
SS1376,100.0,76.0,3,74.2,63.2,1,16.6,2.0,0,16.9,1,0
SS1377,73.5,41.4,4,50.2,37.0,0,9.2,0.9,0,14.6,1,0
SS1378,52.0,68.8,4,58.2,48.5,2,15.9,1.1,0,6.1,1,0
SS1379,95.3,86.5,5,97.2,91.6,2,12.0,1.3,3,17.9,1,0
SS1380,70.5,72.4,6,73.6,66.6,0,8.7,1.8,0,0.0,1,0
SS1381,77.3,68.2,3,60.4,48.6,2,9.8,0.3,0,0.2,1,0
SS1382,91.7,58.7,6,61.2,48.2,1,0.0,0.5,2,20.0,0,0
SS1383,56.8,66.4,3,62.2,59.2,0,9.5,1.5,0,11.0,0,1
SS1384,61.0,62.7,5,60.7,36.5,1,0.3,2.5,0,5.0,1,0
SS1385,56.8,55.8,4,59.0,36.8,1,0.0,1.5,1,6.6,1,0
SS1386,66.5,62.2,4,57.5,51.1,1,9.0,0.9,0,1.4,1,0
SS1387,81.3,68.6,4,68.6,66.4,1,2.4,0.0,2,8.9,0,1
SS1388,82.3,56.0,4,61.5,54.4,1,8.0,2.3,1,8.4,1,0
SS1389,79.3,55.5,6,68.0,62.7,1,8.7,0.9,0,7.1,0,0
SS1390,59.0,48.3,6,34.7,20.0,0,8.9,0.6,1,0.0,1,1
SS1391,48.3,71.1,6,72.3,64.0,0,3.5,0.1,2,8.9,1,0
SS1392,76.7,73.1,4,65.2,59.5,0,12.5,0.3,0,3.3,1,0
SS1393,70.3,69.0,5,77.8,68.3,0,7.6,0.7,2,0.1,1,0
SS1394,81.5,78.5,4,88.1,78.4,2,10.2,1.3,1,15.9,1,0
SS1395,84.4,67.1,6,57.5,40.7,2,2.0,0.5,1,22.2,1,0
SS1396,77.7,71.1,5,62.8,52.9,0,7.1,1.6,2,20.6,0,0
SS1397,85.1,69.9,4,66.7,62.0,0,13.5,1.3,0,11.6,1,0
SS1398,78.8,64.8,4,66.2,57.1,1,12.9,3.3,1,5.1,0,1
SS1399,82.4,59.1,4,47.2,39.5,0,4.0,0.1,0,6.5,1,1
SS1400,67.5,94.8,5,94.8,84.3,1,5.3,1.6,2,9.8,1,0
SS1401,73.8,60.1,5,72.4,63.9,1,3.1,1.6,1,4.1,1,0
SS1402,78.4,57.3,4,61.2,54.5,5,4.7,0.7,0,16.2,1,1
SS1403,85.8,71.6,6,64.4,48.4,2,1.0,1.6,0,0.0,1,1
SS1404,71.3,69.3,6,65.4,34.6,0,7.3,2.1,3,4.9,1,0
SS1405,82.3,47.7,4,46.9,41.8,0,11.2,1.6,0,12.6,1,1
SS1406,72.8,80.6,6,81.8,77.2,1,4.1,2.6,0,1.1,0,0
SS1407,74.6,64.8,3,60.8,52.1,0,7.5,0.0,0,5.3,1,0
SS1408,86.0,51.6,6,40.8,32.0,0,6.9,0.8,1,11.2,1,1
SS1409,52.1,81.5,4,91.5,74.5,1,13.3,2.7,0,17.6,0,0
SS1410,60.4,74.1,5,60.8,44.4,1,4.9,2.2,2,0.0,1,1
SS1411,58.2,49.6,4,64.0,62.5,0,5.1,1.9,1,0.0,0,1
SS1412,48.0,89.1,4,86.4,76.2,0,3.8,2.5,0,0.4,1,0
SS1413,67.9,74.6,4,67.6,63.5,2,2.3,0.0,1,0.0,1,0
SS1414,85.0,65.9,5,56.5,51.9,0,10.6,2.1,0,0.0,1,0
SS1415,72.6,86.7,3,75.2,66.1,0,7.3,2.4,0,0.2,1,0
SS1416,78.4,68.1,6,69.3,67.9,0,8.3,1.0,1,15.6,1,0
SS1417,89.1,65.6,6,66.6,51.6,1,14.4,3.6,0,4.8,1,0
SS1418,91.9,57.4,5,52.6,45.2,1,14.7,1.7,2,7.2,1,0
SS1419,75.2,73.6,5,66.1,54.2,0,0.0,0.0,1,0.3,1,0
SS1420,92.2,72.2,5,74.2,71.6,0,11.2,1.8,0,11.4,1,0
SS1421,77.1,66.2,3,57.7,46.9,0,9.1,0.9,3,20.1,1,0
SS1422,66.0,55.7,5,60.7,47.5,0,5.7,2.4,1,0.8,1,0
SS1423,68.9,67.7,3,76.7,67.6,0,9.6,1.9,0,19.1,1,0
SS1424,58.2,65.1,5,48.5,23.3,0,0.0,1.0,1,9.6,1,1
SS1425,65.3,48.7,4,59.5,56.3,1,15.3,2.7,3,7.1,1,1
SS1426,71.7,46.9,5,39.3,32.8,0,10.6,2.3,1,9.8,1,1
SS1427,85.6,73.3,6,62.6,53.4,0,3.7,0.8,1,9.7,1,0
SS1428,96.6,32.2,3,39.1,29.5,3,5.1,1.4,1,20.0,0,1
SS1429,59.4,68.7,5,63.7,48.3,1,0.0,1.9,0,10.6,1,0
SS1430,80.7,59.8,4,57.5,36.8,2,6.4,1.2,0,10.8,1,1
SS1431,63.5,83.0,4,84.0,77.7,0,5.6,1.2,1,4.0,1,0
SS1432,81.7,59.6,5,71.2,68.5,0,1.4,1.5,2,12.9,1,0
SS1433,74.4,74.6,6,69.5,65.5,0,11.9,0.6,2,0.3,1,0
SS1434,54.0,60.8,3,49.4,40.8,1,14.4,0.0,0,7.8,0,0
SS1435,87.1,67.5,6,56.5,53.8,2,7.9,1.7,1,27.2,1,1
SS1436,68.7,75.6,6,91.1,89.9,0,6.5,0.0,0,0.0,0,0
SS1437,69.6,60.0,5,57.8,38.8,1,10.2,0.7,0,8.6,0,1
SS1438,63.2,79.0,5,84.3,75.6,0,7.9,0.1,1,8.9,1,0
SS1439,68.1,53.1,4,63.7,50.8,0,2.6,0.2,0,5.4,1,0
SS1440,81.1,69.8,3,77.2,68.5,2,4.7,1.8,2,5.6,1,0
SS1441,73.7,78.0,5,71.9,54.1,0,6.5,1.3,1,7.6,0,1
SS1442,79.9,74.6,6,67.5,57.5,1,9.2,1.3,1,5.2,1,0
SS1443,80.3,90.9,3,92.4,82.6,0,8.0,0.4,2,8.6,1,0
SS1444,91.8,56.1,5,42.2,37.4,1,9.1,1.0,1,3.6,1,1
SS1445,71.9,48.1,5,53.3,48.1,0,0.4,1.8,2,21.2,1,1
SS1446,58.3,53.1,6,55.5,54.3,1,11.3,1.5,2,5.2,1,0
SS1447,88.8,74.6,4,58.7,52.7,0,8.0,2.2,1,11.0,0,1
SS1448,72.0,72.5,4,74.9,70.0,0,20.8,2.3,0,2.3,1,0
SS1449,89.4,67.3,4,49.8,36.5,1,6.1,1.3,0,13.5,0,1
SS1450,80.6,51.4,6,57.3,50.8,2,9.6,0.0,2,12.1,1,1
SS1451,74.4,76.0,6,68.9,52.0,2,22.1,0.9,0,9.9,1,0
SS1452,80.2,50.1,4,57.3,45.1,2,9.0,1.4,3,0.0,1,0
SS1453,99.4,81.1,6,82.3,74.8,0,7.7,0.9,0,1.7,1,0
SS1454,100.0,95.0,5,96.9,90.8,1,3.1,0.7,2,18.8,1,0
SS1455,76.8,70.8,4,71.0,61.9,1,15.6,1.6,0,1.7,1,0
SS1456,77.9,73.6,3,78.3,68.5,0,2.2,3.4,3,11.5,1,0
SS1457,88.9,59.6,5,68.3,67.2,0,10.1,1.1,0,0.4,0,0
SS1458,65.9,42.5,5,31.3,25.7,1,5.6,1.5,0,14.1,1,1
SS1459,80.0,58.2,6,58.9,46.6,1,7.1,0.5,2,2.2,0,1
SS1460,75.7,51.8,5,61.5,47.2,0,0.9,2.5,0,0.3,1,0
SS1461,79.8,47.2,3,42.0,21.3,1,14.7,2.2,0,2.0,1,1
SS1462,66.0,88.4,5,76.2,69.6,1,6.6,2.1,2,3.1,0,0
SS1463,56.9,69.5,5,55.6,50.7,0,1.9,2.6,2,9.8,0,1
SS1464,51.1,70.9,4,76.9,72.2,0,14.3,1.2,0,7.5,0,0
SS1465,62.6,62.0,4,62.7,49.0,2,5.5,1.3,1,0.0,0,0
SS1466,70.5,63.8,6,60.0,35.1,1,9.7,2.9,0,6.8,1,1
SS1467,72.5,78.5,5,82.1,71.1,0,12.2,2.0,0,0.0,0,0
SS1468,99.2,65.6,5,74.5,63.8,1,10.4,0.0,1,11.5,1,0
SS1469,89.3,72.9,4,64.0,48.4,1,0.0,1.9,0,12.8,1,0
SS1470,64.5,63.5,4,44.0,24.4,0,11.5,1.0,1,6.8,1,1
SS1471,80.2,61.6,5,52.1,41.7,1,7.5,2.2,0,8.9,1,1
SS1472,71.1,47.7,6,36.7,31.0,0,6.4,1.8,2,19.3,1,1
SS1473,72.6,40.3,5,50.9,39.4,1,7.5,0.1,1,5.9,1,1
SS1474,78.2,62.6,5,67.3,61.3,0,0.0,1.7,0,0.4,1,0
SS1475,83.4,66.7,3,77.2,59.6,0,9.0,1.7,3,11.1,0,0
SS1476,71.9,49.3,6,39.5,34.9,1,1.2,1.8,2,0.0,1,1
SS1477,88.8,65.6,3,57.8,50.8,0,6.6,2.0,0,5.5,1,0
SS1478,62.3,66.7,6,63.4,59.8,0,8.8,2.7,3,2.8,1,0
SS1479,76.1,38.0,4,45.0,40.5,0,13.4,1.8,0,2.1,0,0
SS1480,100.0,54.1,6,49.8,43.8,0,3.9,1.5,0,5.2,0,0
SS1481,78.7,71.3,6,70.9,59.1,1,15.3,2.4,0,13.3,1,0
SS1482,93.2,71.0,6,73.4,63.0,0,12.7,3.3,0,14.7,0,0
SS1483,77.1,51.0,6,47.1,39.7,0,5.9,2.2,1,13.5,1,1
SS1484,83.0,68.1,5,77.3,61.0,0,2.5,1.7,1,9.4,0,0
SS1485,75.3,79.3,6,87.8,84.2,0,0.8,1.8,2,5.2,1,0
SS1486,74.0,76.1,3,78.5,74.4,1,9.4,1.7,0,0.0,1,0
SS1487,66.6,64.8,3,63.8,55.7,1,4.3,1.5,0,9.6,1,1
SS1488,81.2,59.9,5,68.3,43.8,2,14.0,3.2,0,0.0,1,1
SS1489,65.8,57.8,6,59.3,44.3,0,4.6,0.9,0,0.0,1,0
SS1490,84.0,72.1,6,69.1,56.9,1,3.5,2.4,3,5.9,1,0
SS1491,89.0,68.5,5,64.7,49.9,0,9.2,1.4,2,8.9,1,1
SS1492,80.4,74.2,5,89.5,85.3,1,4.6,0.3,2,3.8,1,0
SS1493,72.6,67.7,5,70.0,59.8,1,8.0,1.3,2,17.7,1,1
SS1494,81.4,76.6,6,74.4,68.5,0,12.9,1.1,0,10.2,1,0
SS1495,72.3,67.2,6,51.6,30.9,0,8.6,2.0,0,5.3,0,1
SS1496,87.2,76.2,3,84.3,73.5,0,8.6,1.6,1,16.7,1,0
SS1497,54.0,77.3,5,68.4,64.8,3,9.0,0.7,2,18.0,1,0
SS1498,72.0,55.5,4,66.4,50.3,0,0.0,2.7,0,10.6,0,1
SS1499,52.1,42.5,6,34.0,22.2,0,10.0,2.4,0,1.6,1,1
SS1500,58.1,86.1,5,81.9,74.7,0,8.8,2.8,1,3.1,1,0
SS1501,92.4,69.3,6,61.2,38.5,1,12.5,1.7,0,0.0,1,0
SS1502,86.7,43.7,4,46.6,42.2,0,11.0,1.5,1,6.7,0,0
SS1503,67.4,56.7,5,44.4,32.5,0,7.0,2.1,0,0.0,1,0
SS1504,58.0,76.0,3,68.0,61.0,1,13.2,1.0,1,4.7,1,0
SS1505,40.4,62.4,6,46.8,42.6,1,6.5,1.6,0,8.8,1,1
SS1506,69.5,59.3,3,70.8,62.5,1,9.2,1.4,2,0.0,0,0
SS1507,100.0,84.2,4,85.5,71.6,0,6.4,0.3,2,0.0,1,0
SS1508,81.2,52.4,6,63.7,55.7,0,10.3,1.6,0,3.5,0,0
SS1509,69.3,55.6,6,47.7,45.4,2,6.1,1.1,2,6.6,1,1
SS1510,81.6,68.7,4,77.9,71.8,0,16.2,1.3,2,3.5,1,0
SS1511,57.3,71.1,4,59.4,53.0,0,18.1,1.8,1,5.1,1,0
SS1512,72.4,72.5,3,63.0,57.7,1,12.4,2.5,3,2.1,0,0
SS1513,77.2,77.8,6,74.8,66.2,1,15.7,0.8,2,0.0,1,0
SS1514,75.0,68.6,3,75.6,72.5,0,0.3,1.2,0,3.3,1,0
SS1515,85.5,72.4,3,75.7,55.9,0,0.9,0.9,0,5.5,1,0
SS1516,80.1,62.6,4,62.7,54.7,0,6.4,0.8,0,4.8,1,0
SS1517,84.0,66.8,3,59.4,41.0,0,8.2,1.0,1,7.8,1,0
SS1518,67.7,67.4,3,70.9,61.0,1,7.0,1.3,3,9.9,1,1
SS1519,86.8,68.8,5,69.4,62.8,0,0.0,2.0,1,11.8,1,0
SS1520,95.5,76.0,5,66.4,58.2,0,13.8,1.8,0,2.6,1,0
SS1521,64.4,73.2,4,73.3,63.3,0,18.8,0.7,3,0.0,1,0
SS1522,65.3,66.6,6,48.2,35.1,1,14.4,2.5,2,15.9,1,1
SS1523,92.0,55.5,5,65.5,51.6,0,13.4,2.3,0,9.7,0,0
SS1524,73.7,66.9,3,65.9,58.5,0,9.1,0.8,3,0.3,1,0
SS1525,92.8,65.6,5,71.1,60.3,0,3.8,2.5,0,8.9,1,0
SS1526,70.7,68.5,5,77.9,64.8,0,8.4,1.8,1,14.5,1,1
SS1527,93.5,94.7,6,87.4,79.6,0,18.5,1.4,1,19.1,1,0
SS1528,77.6,59.2,3,59.2,48.2,1,6.2,1.8,3,8.8,1,0
SS1529,79.1,71.5,3,66.6,59.7,0,5.7,1.5,0,14.4,1,0
SS1530,94.8,79.9,4,75.1,72.6,0,13.5,1.9,0,0.0,0,0
SS1531,71.7,67.3,4,70.1,64.3,1,13.9,1.6,1,6.7,1,1
SS1532,64.7,95.0,6,99.0,97.0,1,3.8,1.2,2,4.7,1,0
SS1533,70.6,61.1,5,51.8,51.3,2,6.7,0.0,0,9.4,1,0
SS1534,81.4,70.2,5,69.5,60.8,0,5.5,1.9,0,18.3,1,0
SS1535,57.2,55.6,5,61.2,40.6,0,8.3,1.2,3,8.7,1,1
SS1536,83.6,61.4,6,64.2,43.0,2,13.5,2.1,2,0.4,0,0
SS1537,69.5,69.2,4,68.2,53.4,0,4.0,1.9,0,0.0,0,0
SS1538,89.8,77.0,3,73.1,70.2,0,13.4,1.2,0,18.5,1,0
SS1539,47.3,70.1,3,55.1,49.3,0,8.5,2.3,1,10.6,1,1
SS1540,66.6,82.4,4,78.4,65.4,1,19.6,1.7,1,10.1,1,0
SS1541,55.8,64.8,5,71.5,67.0,0,9.6,1.6,1,4.6,1,0
SS1542,66.1,61.7,4,67.9,60.0,2,7.5,1.4,2,8.9,1,1
SS1543,79.0,95.0,4,85.1,68.1,0,10.9,2.8,0,0.1,0,0
SS1544,73.8,71.1,4,72.6,66.9,2,6.3,0.9,2,9.7,1,1
SS1545,73.0,56.6,6,52.1,36.3,0,0.0,1.2,0,0.0,1,0
SS1546,74.1,57.0,6,58.7,54.1,1,6.8,0.5,2,4.5,1,0
SS1547,78.4,53.7,3,63.2,56.0,2,6.7,2.1,0,2.5,1,0
SS1548,63.9,78.2,3,84.2,69.7,2,0.0,1.0,0,0.0,0,0
SS1549,84.5,61.3,3,61.3,47.2,0,7.6,1.1,0,4.6,0,1
SS1550,84.0,67.7,6,69.4,63.9,1,0.0,1.1,0,0.7,0,0
SS1551,80.6,65.2,4,66.6,63.5,1,6.3,1.6,1,5.5,0,0
SS1552,82.7,75.5,6,82.7,63.1,1,9.2,0.5,1,7.0,1,0
SS1553,79.6,55.0,5,37.9,34.4,0,8.5,0.0,2,19.4,1,0
SS1554,100.0,52.0,5,62.0,51.9,1,5.9,1.9,1,9.1,1,0
SS1555,75.0,68.9,4,66.1,56.2,2,7.6,0.0,1,9.3,1,0
SS1556,72.3,73.8,4,69.9,59.0,0,4.1,2.2,0,10.5,1,0
SS1557,67.0,70.3,3,59.9,41.1,0,8.1,2.7,2,13.1,1,0
SS1558,63.6,55.5,5,50.3,42.2,1,8.3,1.4,0,10.2,0,1
SS1559,61.1,74.8,4,86.8,82.1,0,3.5,2.5,0,9.0,1,0
SS1560,65.3,56.3,4,65.8,48.5,1,9.3,1.5,0,12.0,0,0
SS1561,75.2,59.2,3,64.4,62.5,1,9.3,2.8,0,0.0,0,0
SS1562,80.0,53.7,6,46.6,27.1,0,7.2,1.1,1,21.6,0,1
SS1563,76.6,82.9,6,80.8,71.3,0,20.1,0.0,0,18.1,1,0
SS1564,66.8,74.2,4,70.2,42.1,2,7.3,1.4,0,8.5,1,0
SS1565,86.8,73.9,5,70.9,67.5,1,6.6,2.9,2,0.0,1,0
SS1566,84.9,82.2,6,72.7,49.9,0,5.9,1.9,0,15.5,1,0
SS1567,74.1,95.0,5,95.2,85.5,1,3.1,1.1,1,2.1,1,0
SS1568,68.2,43.8,5,30.8,20.0,0,11.4,1.8,0,10.7,0,1
SS1569,82.6,56.4,4,54.1,41.2,1,4.6,2.3,2,0.0,1,0
SS1570,78.3,58.0,5,56.0,49.0,0,5.2,1.4,2,22.6,1,0
SS1571,58.6,54.9,5,49.3,43.7,0,5.3,3.6,0,0.0,0,1
SS1572,75.2,52.0,5,34.9,25.6,2,3.1,1.1,2,7.5,1,1
SS1573,79.1,62.1,5,62.5,59.2,0,0.0,2.3,1,0.0,0,1
SS1574,65.2,50.2,5,66.9,54.2,1,5.7,2.1,0,6.7,1,0
SS1575,78.3,70.4,3,85.4,66.7,0,12.4,0.9,1,4.0,1,1
SS1576,58.5,66.7,6,62.6,43.4,0,9.0,1.2,2,15.0,1,1
SS1577,92.0,72.3,6,73.4,67.3,1,15.8,2.3,0,4.0,1,0
SS1578,91.0,72.6,3,68.6,58.1,1,11.8,1.6,0,15.0,1,0
SS1579,73.0,73.8,4,65.0,48.7,0,10.6,1.8,0,0.0,0,0
SS1580,80.4,61.1,6,65.6,62.9,2,17.4,0.2,1,5.0,0,0
SS1581,47.1,93.6,4,83.5,81.2,1,7.5,2.0,3,5.2,1,0
SS1582,62.1,69.0,6,68.2,61.5,1,8.3,1.7,1,10.5,1,0
SS1583,72.5,41.8,6,40.7,35.1,0,7.9,1.4,3,9.6,1,1
SS1584,63.1,53.0,6,68.6,59.0,0,15.7,1.8,0,12.1,1,0
SS1585,84.6,43.4,3,46.2,42.9,0,8.0,1.2,2,8.9,1,0
SS1586,100.0,66.2,4,59.5,29.3,0,4.8,1.0,3,11.6,1,0
SS1587,61.9,64.4,5,46.4,27.1,0,10.9,1.3,1,0.7,1,0
SS1588,66.0,59.9,6,63.2,59.0,1,3.9,1.1,0,9.7,1,0
SS1589,78.8,92.1,3,96.3,91.4,0,10.7,3.2,0,18.3,1,0
SS1590,95.3,73.1,4,84.2,71.9,0,10.1,2.2,0,0.0,0,0
SS1591,61.3,75.4,3,71.0,49.6,1,7.1,0.7,1,10.4,1,0
SS1592,79.0,53.9,6,52.6,49.5,1,10.8,3.1,3,11.7,1,1
SS1593,97.9,53.0,6,53.7,36.2,0,0.6,1.2,0,17.2,1,1
SS1594,56.2,66.5,3,78.2,65.3,1,8.8,1.5,0,12.1,1,0
SS1595,60.6,68.2,3,66.0,53.8,1,5.7,2.2,0,7.7,0,0
SS1596,70.9,41.9,4,45.7,31.1,2,22.3,0.0,1,10.0,1,0
SS1597,69.8,63.7,6,49.4,34.4,0,8.8,1.3,1,1.9,0,1
SS1598,85.8,66.2,4,51.8,29.7,0,5.0,1.0,0,4.3,1,0
SS1599,78.9,63.2,4,62.7,48.0,0,1.1,1.7,2,0.0,1,0
SS1600,54.7,55.4,4,55.3,51.2,2,14.5,1.8,0,17.4,1,1
SS1601,82.2,59.0,5,65.3,56.5,3,6.2,1.4,1,10.2,1,0
SS1602,69.1,63.7,4,54.4,36.5,0,4.0,1.4,1,0.6,1,1
SS1603,91.3,67.2,3,69.5,61.8,0,9.7,2.4,0,8.9,1,0
SS1604,68.5,73.9,6,72.6,59.4,0,11.2,1.7,1,15.1,1,1
SS1605,68.4,80.1,4,81.8,59.7,0,11.2,1.5,1,13.9,1,0
SS1606,82.5,62.2,4,64.3,59.3,0,8.1,1.6,1,0.5,1,0
SS1607,85.2,60.1,5,69.0,61.0,0,8.8,3.0,2,0.0,1,0
SS1608,81.4,71.7,5,71.4,51.2,0,9.2,1.6,1,9.8,1,0
SS1609,55.8,73.9,3,69.5,68.4,0,9.7,1.1,0,0.8,0,0
SS1610,82.5,60.4,3,61.0,54.4,0,10.1,0.0,3,11.4,1,0
SS1611,63.6,76.3,3,79.7,56.1,0,13.5,0.4,3,13.7,1,1
SS1612,78.8,78.7,6,72.8,60.2,0,8.3,1.1,0,14.8,1,0
SS1613,58.9,82.8,5,78.8,77.5,1,3.9,1.4,3,19.2,1,1
SS1614,81.4,89.1,6,93.6,82.7,0,7.3,1.1,2,15.7,1,0
SS1615,66.3,54.7,5,52.4,39.2,0,11.8,1.8,0,19.2,1,1
SS1616,60.6,66.2,4,66.2,58.7,0,0.0,1.0,1,16.7,0,0
SS1617,84.6,66.1,5,66.2,54.5,0,0.0,0.8,0,17.3,0,0
SS1618,78.9,64.7,5,72.2,54.2,0,12.6,2.0,1,6.7,1,0
SS1619,68.6,57.6,4,62.0,46.3,1,15.6,2.6,3,0.0,0,1
SS1620,93.4,46.7,6,59.1,54.0,0,1.7,0.6,0,24.4,1,0
SS1621,70.7,67.2,6,67.7,55.6,1,8.5,1.7,1,7.4,0,0
SS1622,76.4,56.0,6,55.8,54.1,0,6.0,0.0,0,15.6,1,1
SS1623,79.2,67.1,6,62.5,49.2,0,6.7,0.3,1,3.1,0,1
SS1624,68.6,55.7,4,49.0,37.9,1,9.5,1.0,2,13.7,1,1
SS1625,81.7,51.7,3,48.6,28.9,1,1.5,2.4,0,0.0,1,0
SS1626,69.6,69.0,4,65.9,52.7,0,2.5,0.9,1,4.1,0,0
SS1627,71.1,68.0,5,71.2,57.1,1,6.5,0.8,0,6.3,1,0
SS1628,92.4,73.5,6,74.3,59.8,0,7.3,1.5,2,10.2,1,0
SS1629,63.5,94.4,4,91.4,85.7,0,2.4,1.5,2,14.5,1,0
SS1630,47.0,69.6,4,69.1,60.8,1,11.9,0.9,1,0.0,1,0
SS1631,95.3,72.3,4,81.9,60.2,0,5.9,3.1,0,11.6,1,0
SS1632,100.0,52.0,6,50.7,39.3,1,5.9,1.3,1,15.6,1,0
SS1633,71.1,49.3,3,50.7,41.3,2,9.4,1.6,1,23.4,1,0
SS1634,52.8,86.6,4,85.2,78.4,2,7.4,1.2,1,11.9,0,0
SS1635,72.3,54.0,3,48.0,20.0,4,12.2,1.9,1,3.8,1,1
SS1636,72.6,52.4,6,44.4,20.0,1,3.3,2.5,2,0.0,0,1
SS1637,73.7,65.5,4,53.9,52.0,0,1.0,2.8,0,19.8,1,0
SS1638,62.6,64.8,3,82.0,70.9,1,6.5,0.9,0,12.2,0,0
SS1639,83.0,54.3,4,59.4,44.6,0,8.3,2.4,3,6.8,0,1
SS1640,82.3,62.0,3,64.6,48.8,0,1.8,1.9,0,0.0,0,0
SS1641,58.1,82.0,4,84.7,77.6,1,1.1,2.3,3,0.5,1,1
SS1642,84.4,55.5,6,56.6,55.8,2,8.9,1.4,1,11.4,1,0
SS1643,100.0,47.9,5,61.7,58.0,0,4.2,1.4,3,9.5,0,1
SS1644,78.1,78.3,6,81.0,64.4,1,0.7,2.2,1,0.0,1,0
SS1645,72.0,72.4,5,72.5,68.2,1,12.8,2.3,2,11.4,1,1
SS1646,74.3,57.9,6,58.6,51.5,0,4.8,2.8,2,0.0,1,0
SS1647,83.4,45.4,4,51.9,43.0,0,13.7,1.7,1,16.5,0,0
SS1648,55.2,56.3,6,55.4,47.0,3,8.1,1.4,0,8.5,1,1
SS1649,78.0,65.3,3,58.7,52.9,1,9.5,0.0,0,3.8,1,0
SS1650,71.3,81.2,4,80.4,60.0,2,6.9,0.2,0,13.9,0,0
SS1651,98.2,52.5,5,59.5,33.7,1,0.0,1.2,3,9.5,1,1
SS1652,73.9,64.9,4,62.1,54.1,0,2.3,0.6,0,16.3,1,0
SS1653,96.0,74.8,4,80.9,60.6,1,7.4,2.2,2,7.6,1,0
SS1654,62.8,35.0,3,40.7,32.9,0,9.8,0.5,1,8.0,1,1
SS1655,83.0,79.4,3,68.4,64.0,1,0.0,1.1,0,5.0,1,0
SS1656,79.8,50.6,5,33.9,20.0,1,7.7,1.1,3,8.8,1,1
SS1657,65.6,70.3,6,65.4,51.9,0,2.4,2.5,0,18.9,1,0
SS1658,78.1,69.2,3,63.7,54.7,1,9.2,1.0,1,3.5,0,0
SS1659,90.6,80.1,4,74.2,72.7,0,7.9,1.9,1,11.5,0,0
SS1660,72.1,73.2,6,84.6,73.3,0,11.7,1.7,0,0.8,0,0
SS1661,55.7,35.1,6,27.5,20.0,0,13.3,2.2,0,0.0,1,1
SS1662,75.8,55.8,3,56.2,49.0,2,10.3,2.2,1,8.5,1,1
SS1663,65.2,67.8,5,70.2,58.0,2,12.3,1.5,0,9.6,0,0
SS1664,71.9,63.5,3,74.5,63.0,0,6.2,0.1,2,6.2,1,0
SS1665,75.0,72.2,3,79.0,62.2,1,22.1,1.3,1,0.0,1,0
SS1666,55.5,76.3,3,74.5,64.3,0,1.9,1.5,0,9.1,1,0
SS1667,56.6,73.9,5,70.3,64.7,2,5.4,1.7,0,8.9,1,0
SS1668,81.8,63.2,3,65.9,43.7,0,12.5,0.9,0,0.8,1,0
SS1669,69.7,42.0,4,44.7,39.2,1,11.8,2.4,2,0.0,1,1
SS1670,45.2,60.1,3,57.8,48.7,0,10.4,1.5,1,5.2,1,1
SS1671,85.4,71.4,4,84.1,81.5,4,11.4,0.8,0,11.6,1,0
SS1672,79.3,51.8,5,67.4,56.9,0,0.0,1.1,1,9.9,1,0
SS1673,67.4,74.2,4,62.4,52.2,0,15.9,3.0,1,0.8,1,0
SS1674,60.2,77.8,4,77.7,72.8,2,7.0,2.0,1,8.0,0,0
SS1675,86.0,67.6,5,68.4,58.0,0,14.2,2.3,0,13.2,0,0
SS1676,80.2,26.2,5,22.8,20.0,0,0.0,0.7,0,0.0,0,1
SS1677,100.0,49.4,3,49.8,49.6,0,9.3,0.9,0,7.4,1,0
SS1678,81.0,90.5,6,81.8,74.9,1,5.2,1.0,1,16.4,1,0
SS1679,80.7,58.9,6,55.0,45.1,0,10.9,1.6,1,0.0,1,0
SS1680,74.0,40.2,5,26.3,20.7,1,9.6,1.4,0,15.1,1,1
SS1681,85.8,82.1,5,78.3,68.5,0,9.8,1.1,0,18.3,1,0
SS1682,83.5,66.2,5,62.5,52.9,0,2.7,1.2,1,5.4,0,0
SS1683,91.0,80.4,4,73.0,71.3,0,7.7,0.9,0,4.6,1,0
SS1684,69.7,69.6,4,74.6,53.6,0,7.1,1.4,1,14.2,1,1
SS1685,70.8,72.0,4,69.9,55.9,0,10.5,2.4,1,5.7,0,0
SS1686,70.3,70.7,3,77.2,68.6,0,12.9,0.3,0,0.0,1,0
SS1687,85.5,75.1,6,80.1,64.8,0,8.8,1.8,1,6.3,0,0
SS1688,94.0,95.0,4,98.0,93.9,0,1.6,2.6,0,10.3,1,0
SS1689,70.5,78.6,4,74.3,69.2,0,8.5,1.4,1,12.2,1,0
SS1690,70.9,45.5,6,43.3,20.0,1,21.1,1.1,0,0.8,0,1
SS1691,79.8,71.8,5,59.7,43.4,0,16.2,2.2,1,5.1,0,0
SS1692,73.1,80.8,5,85.5,80.5,1,0.0,0.7,1,13.8,0,0
SS1693,87.4,81.6,3,85.9,74.3,0,8.3,1.5,0,6.6,1,0
SS1694,49.0,60.5,4,61.0,58.7,1,12.7,0.7,1,0.0,1,1
SS1695,66.1,81.1,5,89.0,79.5,0,7.1,0.0,2,15.7,1,0
SS1696,66.6,78.1,4,81.3,72.7,1,5.7,1.4,3,5.5,1,1
SS1697,48.2,95.0,3,100.0,100.0,0,6.7,0.5,0,14.6,1,0
SS1698,64.4,56.2,6,53.5,45.0,0,10.8,1.5,0,0.0,1,1
SS1699,65.0,59.4,4,48.3,29.2,0,2.3,2.4,0,6.2,1,0
SS1700,73.6,62.0,5,68.6,54.5,1,13.9,3.0,2,10.6,0,1
SS1701,89.4,59.6,4,75.7,60.8,0,7.7,1.6,1,6.4,1,0
SS1702,73.1,54.4,5,55.1,47.0,0,3.3,2.3,0,0.0,1,1
SS1703,63.6,30.1,6,30.8,20.0,1,13.6,1.8,2,0.0,1,1
SS1704,75.3,60.3,6,54.1,45.3,0,0.3,1.2,0,17.7,1,1
SS1705,88.6,70.8,3,55.6,51.6,0,5.2,0.0,1,8.7,1,0
SS1706,64.3,59.6,5,57.5,44.2,1,5.1,2.8,1,15.2,1,1
SS1707,65.1,91.2,6,74.7,73.2,1,18.7,0.7,1,13.5,1,0
SS1708,82.7,66.2,5,59.7,48.2,0,4.6,2.6,2,11.2,1,0
SS1709,73.3,82.8,3,79.1,70.8,0,0.0,1.9,0,4.8,1,0
SS1710,83.8,69.4,3,71.3,61.7,0,5.1,0.7,1,10.4,1,0
SS1711,75.8,76.7,3,82.8,70.5,0,10.3,1.7,1,17.0,1,0
SS1712,84.4,69.6,3,69.5,64.6,1,11.9,3.2,0,7.6,1,0
SS1713,63.6,83.8,6,75.6,74.9,1,19.4,2.7,2,20.3,1,1
SS1714,75.9,66.7,6,68.1,50.7,1,15.0,1.1,2,0.0,1,1
SS1715,73.5,72.4,5,62.0,46.2,1,8.9,0.9,3,0.0,1,0
SS1716,61.4,70.8,5,62.1,53.2,4,3.5,1.6,2,13.9,1,1
SS1717,57.2,62.3,6,65.8,61.1,0,16.1,1.4,0,1.3,0,0
SS1718,84.2,71.3,4,79.2,68.5,0,6.2,2.5,1,21.3,1,0
SS1719,71.8,95.0,4,94.1,87.2,1,4.7,2.1,0,16.4,1,0
SS1720,63.7,62.5,5,70.7,55.6,0,5.9,0.1,0,18.1,0,0
SS1721,74.8,71.5,4,69.8,61.4,1,1.7,1.9,1,13.2,1,1
SS1722,89.5,82.4,3,78.7,60.6,1,5.7,1.4,0,0.5,0,0
SS1723,48.6,80.8,5,74.6,65.7,2,6.8,1.5,0,0.0,1,0
SS1724,58.0,66.2,6,70.5,56.5,0,11.7,1.7,2,17.5,0,0
SS1725,64.9,35.0,3,50.3,41.9,0,6.1,2.5,0,0.0,0,1
SS1726,93.5,72.7,3,68.7,48.1,0,1.7,2.3,1,18.1,0,0
SS1727,79.4,37.1,4,28.4,20.0,0,0.0,0.9,2,11.7,1,1
SS1728,85.2,85.1,6,82.0,70.4,1,9.0,1.5,1,6.5,1,0
SS1729,62.3,68.2,5,52.7,35.2,0,8.4,1.1,0,10.1,1,0
SS1730,62.6,79.0,5,85.9,84.1,0,5.2,0.2,1,10.3,1,0
SS1731,81.4,54.3,5,56.6,47.5,1,5.7,1.4,2,5.6,0,0
SS1732,76.7,45.8,4,49.9,43.7,0,9.9,3.0,2,17.0,1,1
SS1733,82.6,69.4,5,61.1,47.4,0,15.0,0.1,0,16.7,0,0
SS1734,73.7,65.6,3,66.7,51.3,0,4.1,1.5,0,8.1,1,0
SS1735,79.3,59.6,3,73.2,53.4,1,8.4,1.5,1,2.8,1,0
SS1736,77.9,67.1,6,67.4,58.4,1,12.8,1.7,0,16.1,1,0
SS1737,85.3,95.0,5,91.6,87.5,2,4.1,0.7,2,0.0,1,0
SS1738,85.7,76.8,3,76.2,64.0,0,7.9,0.4,1,10.1,1,0
SS1739,56.6,79.6,4,91.6,81.5,0,7.8,0.4,2,12.2,1,0
SS1740,49.0,77.0,3,59.5,44.0,1,1.4,2.6,3,1.2,0,1
SS1741,88.0,85.2,5,85.3,74.4,0,8.8,0.7,1,13.8,0,0
SS1742,90.3,63.5,6,60.2,52.7,0,8.2,1.1,3,6.8,0,1
SS1743,63.8,39.3,4,29.1,20.0,0,10.8,3.2,1,3.2,1,1
SS1744,53.7,63.5,4,64.3,59.0,0,2.1,0.9,0,13.7,1,0
SS1745,77.2,76.6,3,82.0,55.8,0,8.0,1.8,2,0.0,1,1
SS1746,87.2,53.4,4,51.6,49.5,0,14.9,2.4,1,13.1,1,1
SS1747,97.6,63.7,4,54.1,51.0,0,18.4,2.3,3,0.0,1,1
SS1748,82.2,57.0,3,54.6,31.6,1,14.4,0.4,0,9.0,0,1
SS1749,71.5,85.5,4,90.2,81.6,1,2.1,0.9,0,7.3,1,0
SS1750,65.3,75.7,6,79.5,68.8,0,10.3,1.7,2,3.2,0,0
SS1751,76.1,74.5,6,67.0,53.2,0,5.6,3.0,0,9.7,1,0
SS1752,72.4,74.1,4,85.5,70.6,2,9.4,0.9,1,6.4,1,0
SS1753,63.8,65.5,6,45.1,38.6,1,4.1,1.1,1,14.4,1,0
SS1754,100.0,68.6,3,64.2,45.9,2,0.0,1.8,0,10.9,0,1
SS1755,97.4,50.6,6,38.8,24.9,0,6.3,2.0,0,10.2,1,1
SS1756,89.6,37.6,4,33.9,28.2,0,11.6,2.0,2,9.0,0,1
SS1757,64.9,68.0,5,66.7,48.9,0,9.4,0.8,0,3.7,1,1
SS1758,86.3,70.2,3,81.9,77.9,1,10.0,1.1,2,4.9,0,0
SS1759,83.7,81.7,6,85.0,81.1,0,9.1,1.7,2,8.7,1,0
SS1760,81.3,86.4,4,83.8,83.0,0,10.0,2.5,1,5.8,1,0
SS1761,91.0,86.4,6,84.3,74.6,1,10.6,1.3,1,14.8,0,0
SS1762,83.6,53.0,3,58.7,51.8,1,6.6,1.5,0,7.7,0,0
SS1763,84.9,61.4,5,58.2,50.2,0,8.4,0.7,2,9.6,1,0
SS1764,83.6,72.2,3,66.3,58.4,0,16.7,3.0,0,0.0,1,0
SS1765,80.1,95.0,6,91.4,76.2,0,8.7,1.6,0,13.6,0,0
SS1766,54.6,85.2,4,92.5,90.2,0,8.2,2.4,3,2.9,1,0
SS1767,77.0,80.6,5,74.7,65.8,0,8.5,1.5,0,0.0,0,0
SS1768,69.3,61.0,6,58.0,48.4,0,6.9,1.6,0,18.5,1,0
SS1769,60.6,54.5,5,53.1,33.5,0,5.8,0.3,3,11.9,1,1
SS1770,96.2,76.3,3,75.3,57.7,1,9.0,0.0,0,13.8,1,0
SS1771,96.7,51.7,3,56.0,40.3,0,5.5,2.5,0,10.2,1,1
SS1772,92.3,62.9,3,74.5,62.6,0,7.3,1.6,1,6.3,1,0
SS1773,79.1,64.5,6,57.5,47.4,4,4.0,1.7,2,5.0,0,1
SS1774,92.2,86.7,6,93.9,81.6,1,8.5,0.5,2,12.5,1,0
SS1775,76.1,61.4,4,50.8,39.7,1,10.9,0.8,2,14.9,1,1
SS1776,78.4,34.3,6,38.1,32.5,0,6.9,2.3,3,6.5,1,1
SS1777,62.9,72.6,3,80.9,76.9,3,0.0,2.9,0,21.5,0,1
SS1778,80.8,56.9,5,61.2,45.1,0,11.0,1.0,1,5.6,0,0
SS1779,76.7,66.6,4,59.6,54.8,0,8.6,2.0,0,0.0,1,0
SS1780,60.4,64.9,3,61.1,36.4,0,3.0,1.7,3,0.0,0,1
SS1781,75.4,62.4,4,75.8,42.4,0,11.9,1.4,3,0.0,1,0
SS1782,75.0,76.3,4,84.2,72.7,0,1.0,3.0,0,4.1,1,0
SS1783,97.6,46.1,4,47.9,31.9,1,13.2,1.1,2,5.4,0,1
SS1784,86.7,59.3,3,67.8,52.0,2,7.7,2.5,1,11.8,1,0
SS1785,76.1,74.9,4,70.7,62.7,0,0.0,1.8,0,6.8,1,0
SS1786,79.0,58.0,3,61.3,46.1,0,8.9,1.5,1,12.9,1,0
SS1787,76.5,45.1,6,47.3,31.0,0,6.0,2.6,3,7.3,1,1
SS1788,73.6,74.7,4,60.7,56.7,1,5.2,1.7,0,7.1,1,1
SS1789,63.0,80.6,3,99.9,99.8,0,4.3,1.4,0,3.0,1,0
SS1790,74.2,65.4,5,69.5,66.4,3,7.4,2.6,3,17.0,0,1
SS1791,67.0,40.5,6,45.6,20.0,1,5.6,2.5,1,0.0,1,0
SS1792,61.0,75.2,4,70.6,68.9,0,0.0,2.5,1,9.1,1,0
SS1793,82.1,44.4,6,50.5,46.2,2,14.4,0.0,2,5.7,0,1
SS1794,80.7,70.0,5,72.8,60.8,0,6.8,1.9,1,12.5,0,0
SS1795,54.6,54.5,5,57.4,52.8,0,4.3,1.7,0,6.9,1,0
SS1796,74.5,50.9,4,46.7,26.1,2,2.4,1.5,0,7.1,1,1
SS1797,87.9,60.3,3,55.6,44.6,0,11.9,2.0,2,5.1,1,1
SS1798,88.7,63.6,4,68.2,62.8,1,1.5,1.7,1,16.8,1,0
SS1799,88.3,57.6,6,59.6,56.8,0,8.7,2.0,1,7.0,1,0
SS1800,76.5,73.7,6,65.8,59.8,2,5.1,1.3,2,20.8,1,0
SS1801,65.9,60.2,6,61.9,47.7,1,5.4,2.7,0,8.9,1,1
SS1802,63.0,78.7,6,78.8,68.5,1,2.5,2.1,2,7.2,1,0
SS1803,80.1,69.7,4,61.7,53.3,1,4.9,1.9,2,6.0,1,0
SS1804,80.6,56.9,4,61.1,57.7,0,8.0,1.9,3,10.9,1,0
SS1805,91.4,54.7,6,58.8,36.1,1,9.2,2.4,0,2.9,0,1
SS1806,89.2,44.6,5,45.9,28.8,0,4.1,2.3,0,8.0,1,1
SS1807,74.4,69.8,4,62.5,48.7,0,7.5,1.4,1,7.1,1,0
SS1808,61.1,61.4,4,66.4,53.9,2,12.4,2.3,3,9.3,1,1
SS1809,72.2,35.2,6,37.9,30.4,1,0.0,1.6,3,9.5,1,1
SS1810,78.6,59.0,3,52.4,38.3,0,8.0,3.0,1,9.8,1,1
SS1811,73.6,54.3,3,33.5,20.0,1,3.2,2.4,1,7.7,1,1
SS1812,69.1,86.5,5,95.7,91.9,1,2.7,1.0,0,18.0,0,0
SS1813,79.0,43.9,3,37.3,25.5,0,9.3,3.4,1,10.0,1,1
SS1814,70.0,47.3,3,58.2,39.7,1,5.3,0.0,2,25.2,1,1
SS1815,68.5,80.4,6,73.5,69.9,0,1.9,2.0,2,7.3,1,0
SS1816,79.7,83.6,4,95.9,87.8,0,14.6,0.9,0,13.7,1,0
SS1817,71.2,56.3,5,48.1,38.6,0,12.6,3.0,3,1.9,1,1
SS1818,78.9,57.8,4,53.0,43.4,0,0.0,1.7,0,16.8,1,0
SS1819,79.3,74.0,3,76.8,68.9,1,0.6,0.9,1,2.1,1,0
SS1820,62.3,35.7,3,42.4,36.1,1,11.0,1.3,1,10.2,1,1
SS1821,70.2,41.8,6,44.9,28.4,0,6.6,0.9,1,5.1,0,0
SS1822,93.3,62.4,3,67.7,62.2,0,15.5,1.3,2,10.2,1,0
SS1823,62.1,86.1,5,81.6,66.8,3,11.1,1.2,1,5.4,0,0
SS1824,50.6,60.3,4,58.5,54.8,3,9.5,0.9,0,1.5,1,1
SS1825,53.7,67.3,4,57.8,43.1,1,2.9,1.7,0,5.1,1,0
SS1826,76.3,80.7,6,85.6,74.6,1,10.5,1.8,1,17.8,1,0
SS1827,76.4,93.4,5,86.4,83.1,1,1.6,0.7,1,10.3,1,0
SS1828,74.6,58.5,5,50.1,42.7,1,14.5,0.2,1,0.0,1,0
SS1829,90.6,65.8,4,55.2,43.9,0,10.1,1.7,0,14.7,0,1
SS1830,43.9,89.7,4,95.1,90.5,1,3.9,1.9,0,0.8,0,0
SS1831,80.8,46.2,5,37.7,24.2,0,12.0,2.1,2,12.2,1,0
SS1832,94.7,79.4,3,75.3,65.3,1,19.2,1.9,1,10.9,1,0
SS1833,62.5,52.8,3,45.8,36.8,1,6.9,2.8,1,11.3,0,1
SS1834,71.4,67.3,5,56.9,45.0,2,10.8,2.3,1,20.0,0,1
SS1835,67.0,62.8,5,53.7,34.6,0,5.8,3.6,0,1.2,1,0
SS1836,65.3,53.5,3,70.0,61.2,1,8.4,4.0,0,11.3,1,0
SS1837,72.1,53.2,6,56.9,51.2,0,0.5,0.1,0,15.8,1,1
SS1838,93.1,69.6,5,87.5,76.6,1,8.0,0.0,2,2.5,1,0
SS1839,98.0,78.9,3,69.6,62.4,0,8.2,1.5,0,1.8,1,0
SS1840,72.0,64.3,6,68.8,58.7,1,17.0,1.9,0,5.0,1,0
SS1841,98.9,66.9,6,60.9,47.9,0,0.0,1.4,3,9.3,1,0
SS1842,76.4,73.4,4,70.1,36.0,0,6.6,2.1,0,0.0,1,0
SS1843,97.0,53.4,4,49.8,46.3,0,14.4,1.3,1,10.9,1,0
SS1844,74.9,75.6,4,74.4,63.5,2,6.8,0.9,0,0.0,1,0
SS1845,77.6,76.7,5,83.6,68.8,0,7.1,1.1,0,16.1,1,0
SS1846,80.4,95.0,3,96.5,89.6,0,3.8,1.3,0,10.6,1,0
SS1847,100.0,61.1,4,58.8,45.2,0,3.3,2.2,2,20.4,1,0
SS1848,86.2,60.0,3,71.9,62.8,1,0.0,1.1,1,11.7,0,0
SS1849,67.5,76.0,3,67.8,53.3,0,4.9,1.3,2,4.9,1,0
SS1850,87.6,76.6,4,69.4,60.9,2,3.1,2.0,3,1.4,1,0
SS1851,71.7,59.0,5,53.5,35.7,1,8.6,1.3,0,8.7,1,1
SS1852,70.1,60.8,6,57.8,47.7,0,4.1,2.4,1,6.8,0,0
SS1853,86.9,73.0,3,77.9,63.3,0,5.6,0.8,0,15.3,1,0
SS1854,76.4,55.2,3,54.0,35.9,2,5.7,0.6,1,0.5,1,1
SS1855,79.3,60.7,4,51.6,39.5,1,7.8,1.7,2,21.1,1,0
SS1856,76.2,67.2,5,62.7,43.0,0,5.4,1.8,0,15.9,1,0
SS1857,80.0,78.9,6,74.0,61.0,0,2.7,0.8,3,5.6,0,1
SS1858,81.1,58.1,5,67.8,61.7,0,8.4,2.6,1,19.6,1,0
SS1859,52.8,42.0,5,57.4,46.9,3,13.3,3.0,0,1.5,0,1
SS1860,84.0,41.1,3,42.6,34.9,0,8.6,1.0,0,8.4,1,0
SS1861,64.2,49.6,3,47.0,37.6,1,5.0,2.7,1,0.0,0,0
SS1862,58.7,48.9,3,51.8,30.5,0,7.4,0.0,1,19.9,0,1
SS1863,75.3,64.0,5,50.0,37.1,2,0.0,2.4,0,0.0,1,1
SS1864,77.0,50.5,4,48.3,43.8,0,7.3,0.8,1,0.0,1,0
SS1865,67.7,56.9,3,70.0,61.6,0,6.0,2.3,0,2.6,1,0
SS1866,86.0,55.9,5,55.1,20.0,0,3.3,0.7,3,16.3,1,1
SS1867,59.9,60.3,6,58.5,47.6,0,4.2,1.4,0,13.7,0,0
SS1868,71.1,83.2,4,82.9,74.3,0,5.9,0.9,1,7.9,1,0
SS1869,69.0,74.6,6,85.9,74.9,0,13.0,1.3,2,14.1,1,1
SS1870,75.4,66.2,5,70.3,62.4,1,13.5,3.0,2,6.2,1,0
SS1871,79.3,60.0,5,64.5,57.6,0,3.4,1.4,2,10.0,1,0
SS1872,63.9,60.4,6,67.9,55.9,0,5.4,3.2,3,18.6,1,0
SS1873,84.7,70.3,3,67.2,49.1,1,5.5,1.2,0,5.3,0,0
SS1874,76.8,73.6,6,71.2,69.5,0,12.0,2.7,0,1.6,1,0
SS1875,53.3,54.2,6,56.4,44.9,0,8.7,0.2,1,10.3,1,1
SS1876,52.5,66.5,6,58.5,48.9,0,8.5,1.3,0,12.2,1,0
SS1877,75.9,39.6,5,43.7,31.9,1,10.7,1.1,2,7.8,1,1
SS1878,73.3,68.8,6,71.5,62.4,0,5.0,2.7,0,14.0,1,0
SS1879,74.8,75.9,6,85.2,73.2,1,14.8,1.6,3,5.6,1,0
SS1880,75.7,62.4,6,60.2,43.2,1,8.0,0.0,2,7.9,1,1
SS1881,78.7,89.6,6,91.3,77.2,1,3.7,0.5,1,9.6,1,0
SS1882,87.4,54.5,6,61.5,50.7,0,6.9,0.7,1,9.0,1,0
SS1883,62.7,68.8,4,76.7,74.9,0,14.2,2.2,3,18.3,1,0
SS1884,61.9,65.5,5,63.8,55.1,1,5.9,2.1,2,9.6,1,0
SS1885,62.9,64.7,4,56.5,47.4,2,12.7,1.3,2,4.9,1,1
SS1886,79.5,64.5,6,65.9,53.7,0,4.9,1.1,2,10.7,1,0
SS1887,90.9,67.4,6,62.0,53.3,0,4.2,2.1,0,14.1,1,0
SS1888,70.8,77.0,6,95.1,85.3,2,11.3,0.6,0,12.4,1,0
SS1889,46.0,83.9,5,95.0,85.1,0,3.6,1.9,0,12.0,0,0
SS1890,55.6,66.0,4,71.6,51.7,1,12.1,1.8,1,0.0,1,0
SS1891,66.0,76.6,3,81.6,78.8,0,9.8,1.3,1,0.0,0,0
SS1892,69.3,56.9,5,46.2,38.9,0,3.6,1.8,0,15.9,1,0
SS1893,71.1,76.0,5,67.3,61.6,0,7.6,1.6,3,10.1,1,1
SS1894,76.5,56.1,5,53.1,31.7,2,5.3,1.9,0,6.8,1,0
SS1895,72.3,80.2,5,70.6,68.0,0,9.7,0.4,2,11.9,0,1
SS1896,88.6,94.7,6,96.0,94.0,1,17.4,2.0,1,20.5,0,0
SS1897,67.9,64.4,3,63.0,34.9,0,6.1,2.3,1,16.9,1,1
SS1898,65.7,37.5,4,39.7,29.9,0,10.7,1.8,0,13.7,1,1
SS1899,81.7,58.9,5,64.1,45.7,2,8.1,2.0,2,0.8,0,1
SS1900,57.6,82.0,6,75.7,72.5,0,8.1,1.4,2,1.7,0,1
SS1901,80.7,73.2,6,66.9,60.3,1,7.2,2.2,0,0.0,0,0
SS1902,77.2,69.2,6,70.4,61.7,1,3.7,1.6,1,11.4,1,0
SS1903,74.2,79.1,6,79.8,63.6,0,9.7,0.6,1,14.8,1,0
SS1904,95.1,72.3,6,76.3,69.7,0,6.6,2.2,0,15.3,1,0
SS1905,68.5,81.8,5,77.5,74.0,0,3.5,0.2,1,11.7,0,0
SS1906,100.0,78.0,3,83.0,77.0,0,13.1,1.7,1,5.9,1,0
SS1907,73.3,85.8,5,93.1,85.4,1,8.5,1.2,2,3.1,1,0
SS1908,60.7,70.7,5,68.4,59.9,1,6.9,1.1,2,1.2,1,0
SS1909,76.8,77.8,3,77.2,67.0,0,14.7,1.6,0,5.9,1,0
SS1910,63.1,62.0,6,74.2,68.7,0,0.0,0.9,2,0.2,0,0
SS1911,67.0,58.2,5,64.3,40.6,0,14.4,1.9,0,19.3,1,1
SS1912,80.8,88.2,6,81.7,72.9,0,3.6,1.5,3,0.0,0,0
SS1913,82.7,68.8,3,65.7,58.8,2,9.1,1.0,1,5.6,1,0
SS1914,68.5,76.5,6,68.0,59.6,1,5.1,2.6,0,0.0,1,1
SS1915,87.8,67.6,4,55.3,40.0,0,3.4,1.7,2,9.1,1,0
SS1916,89.9,58.4,5,59.7,55.6,1,14.6,2.0,0,7.0,1,0
SS1917,93.2,66.1,5,72.9,59.2,0,17.3,2.6,2,4.5,1,0
SS1918,82.4,84.7,5,87.9,84.5,2,6.9,2.6,3,0.5,0,1
SS1919,92.4,73.2,6,88.1,67.9,0,9.7,2.0,1,7.0,1,0
SS1920,53.4,43.8,3,47.1,20.0,1,8.3,1.3,1,3.2,1,1
SS1921,72.2,63.2,5,69.6,61.1,2,16.7,0.4,1,6.0,1,1
SS1922,65.6,89.2,6,87.6,73.5,1,0.0,1.7,1,20.7,1,0
SS1923,77.4,63.2,3,73.3,65.4,1,9.9,2.4,0,8.2,1,0
SS1924,69.1,42.6,4,51.6,42.0,0,4.4,1.8,3,10.7,1,1
SS1925,74.0,90.6,4,89.4,68.2,0,0.0,0.0,0,3.7,1,0
SS1926,98.6,74.9,5,78.5,67.0,1,6.2,2.2,0,1.5,1,0
SS1927,74.0,65.1,6,66.2,53.5,1,17.2,2.2,0,6.8,1,0
SS1928,81.0,61.2,6,45.6,29.6,0,4.7,1.3,3,24.5,1,0
SS1929,73.2,80.1,6,78.0,69.4,0,12.0,2.3,3,5.0,1,1
SS1930,76.9,59.0,4,52.3,49.6,1,14.0,2.0,0,9.5,1,0
SS1931,76.1,80.9,5,82.9,71.3,1,7.9,1.0,0,1.2,1,0
SS1932,81.4,73.0,3,74.2,66.3,0,8.6,2.5,2,0.0,1,0
SS1933,90.0,69.2,4,60.6,56.1,1,0.0,0.5,1,1.5,1,0
SS1934,95.8,67.9,3,66.8,40.9,0,4.4,1.5,3,23.7,1,1
SS1935,79.7,63.7,3,55.3,43.3,1,12.5,1.4,3,11.2,1,1
SS1936,83.1,79.6,6,69.7,58.8,3,8.3,0.8,2,18.5,0,1
SS1937,62.2,54.8,6,45.6,40.3,0,9.8,1.7,0,4.6,1,1
SS1938,74.9,44.9,5,42.1,27.3,1,8.7,2.5,2,0.0,1,1
SS1939,87.3,74.0,3,82.2,77.1,2,19.0,2.5,3,0.0,1,0
SS1940,86.4,74.2,3,78.9,70.2,0,5.8,2.1,0,9.8,1,0
SS1941,78.5,72.2,3,83.1,82.2,1,16.0,0.1,2,8.7,1,0
SS1942,86.6,71.3,5,74.7,64.4,0,8.7,0.4,1,6.9,1,0
SS1943,81.9,61.8,3,56.0,46.1,1,16.5,1.6,3,3.3,1,1
SS1944,90.4,76.2,4,77.5,59.3,0,1.9,1.5,1,13.6,1,0
SS1945,79.5,65.4,6,68.4,45.6,2,8.9,1.1,0,3.5,1,0
SS1946,71.7,59.7,6,74.2,72.5,2,6.0,3.0,1,9.2,1,1
SS1947,80.0,61.9,6,70.7,65.8,0,8.7,1.6,0,8.4,1,0
SS1948,40.8,92.3,4,100.0,100.0,1,14.1,1.9,0,4.4,1,0
SS1949,80.6,43.4,5,36.9,20.0,1,9.9,2.3,3,0.8,1,1
SS1950,35.0,72.5,3,70.3,61.9,0,14.1,1.5,0,4.0,0,0
SS1951,55.3,44.2,6,38.2,33.2,1,4.6,3.6,3,20.1,1,1
SS1952,81.4,64.6,3,71.3,47.8,1,3.9,0.7,0,14.8,1,0
SS1953,81.7,60.4,5,65.7,47.9,1,8.1,1.0,1,14.1,0,1
SS1954,62.1,38.9,5,33.8,20.0,2,7.8,0.7,3,1.5,1,1
SS1955,67.5,71.1,6,77.8,63.0,0,7.1,2.8,1,0.0,1,0
SS1956,92.4,61.1,4,52.1,44.7,2,3.2,2.1,2,14.7,1,0
SS1957,70.2,38.7,3,30.1,20.0,0,14.0,1.1,3,13.3,1,1
SS1958,100.0,76.9,6,80.6,73.6,1,6.2,0.8,1,8.0,1,0
SS1959,76.0,84.7,5,84.5,73.2,1,15.1,2.6,2,4.4,0,0
SS1960,80.9,85.4,4,82.0,63.6,0,8.1,1.8,0,0.0,0,0
SS1961,95.4,70.7,4,76.2,64.4,1,11.2,2.6,1,13.1,1,0
SS1962,77.6,66.6,4,70.8,63.4,2,10.8,1.5,0,15.3,1,0
SS1963,64.0,83.3,4,89.4,74.2,0,3.9,1.9,2,2.2,0,0
SS1964,74.7,87.9,4,79.6,71.1,0,9.8,1.7,1,1.7,0,0
SS1965,75.6,80.7,4,86.4,79.2,2,17.6,1.0,1,15.7,0,0
SS1966,59.6,53.8,4,59.0,53.3,0,9.3,1.4,3,2.5,1,0
SS1967,72.9,68.6,3,76.9,65.4,0,12.5,0.6,0,19.5,1,0
SS1968,67.1,71.7,6,60.3,32.0,0,11.5,1.9,3,6.2,1,1
SS1969,87.1,42.5,3,44.1,29.1,1,9.5,2.1,0,4.3,0,0
SS1970,76.4,72.1,3,78.3,72.2,0,8.9,2.3,0,7.3,1,0
SS1971,72.6,95.0,3,85.8,79.8,0,10.7,2.0,1,4.3,0,0
SS1972,74.7,74.3,6,69.6,64.8,0,11.8,1.4,0,14.9,1,0
SS1973,78.7,85.2,4,82.0,63.3,1,1.2,2.7,1,13.2,0,1
SS1974,83.4,68.4,4,71.3,59.2,1,9.2,2.2,2,14.6,1,0
SS1975,64.0,65.0,4,69.2,51.8,1,7.1,2.6,2,8.3,0,1
SS1976,63.5,71.0,3,73.4,68.4,1,6.0,2.7,0,3.8,1,0
SS1977,89.3,55.4,4,38.2,29.9,0,14.5,1.4,0,6.9,1,1
SS1978,71.1,53.5,3,53.9,47.1,1,4.3,1.8,0,4.0,1,0
SS1979,59.0,82.5,6,77.2,71.6,0,1.0,2.1,1,17.3,0,1
SS1980,81.3,83.8,3,78.7,75.9,0,12.0,0.6,0,14.0,1,0
SS1981,81.6,53.1,4,54.4,28.8,0,0.9,0.6,0,6.4,1,0
SS1982,57.6,78.6,6,76.7,63.6,2,0.0,0.5,2,0.5,0,0
SS1983,78.8,64.9,6,63.9,58.6,2,12.5,1.4,3,17.8,0,1
SS1984,84.8,70.4,5,83.2,62.6,0,8.8,1.2,2,8.0,1,0
SS1985,80.5,72.0,3,79.9,73.5,0,10.4,0.4,0,6.1,0,0
SS1986,83.6,78.9,4,82.6,74.0,3,5.8,1.6,1,17.8,1,0
SS1987,59.1,67.1,3,53.0,52.3,0,1.1,1.4,0,3.4,1,0
SS1988,80.0,84.3,5,75.4,66.6,1,2.1,2.4,0,4.8,1,0
SS1989,72.4,70.0,4,63.8,52.6,1,6.6,3.1,1,5.4,0,1
SS1990,70.2,74.1,5,67.1,64.2,0,1.6,1.9,3,0.0,1,0
SS1991,86.4,55.2,5,52.2,38.2,2,9.5,0.9,1,9.2,1,0
SS1992,93.8,94.1,6,96.6,89.8,0,5.7,2.0,0,1.7,1,0
SS1993,97.5,72.1,4,55.4,39.2,0,8.9,1.5,1,3.0,1,1
SS1994,91.8,75.3,6,73.4,68.9,2,8.8,1.3,3,2.1,0,1
SS1995,74.7,45.1,4,36.9,29.0,1,9.9,0.8,0,2.9,1,1
SS1996,80.2,55.3,5,55.7,46.4,0,10.5,1.1,2,1.1,0,0
SS1997,85.2,82.1,5,75.4,57.5,1,6.3,1.4,0,8.7,1,0
SS1998,77.5,69.7,6,65.9,47.3,0,8.9,2.1,0,5.9,0,0
SS1999,77.6,41.1,4,48.5,32.6,0,9.2,1.9,2,7.3,0,1
SS2000,85.9,79.5,6,73.8,52.2,2,0.0,3.0,0,23.5,1,0
SS2001,75.3,58.9,4,50.6,38.0,0,11.2,2.0,2,5.9,1,0
SS2002,67.2,84.3,4,80.1,63.8,2,8.7,1.8,0,11.2,0,0
SS2003,71.0,64.9,4,76.8,70.7,0,10.8,1.3,1,12.0,1,0
SS2004,83.6,68.7,5,61.7,51.4,2,1.6,0.7,1,6.6,1,0
SS2005,76.0,81.3,5,76.0,65.6,2,6.4,1.0,2,8.9,1,0
SS2006,80.1,54.3,3,67.5,59.0,0,2.5,0.9,2,7.1,0,0
SS2007,84.0,53.1,6,50.9,39.2,1,11.7,0.0,1,8.4,1,1
SS2008,71.5,63.4,6,61.3,54.4,0,1.0,0.7,0,2.9,1,0
SS2009,85.1,76.8,3,81.1,77.3,1,3.4,2.8,0,3.5,1,0
SS2010,80.5,48.7,6,46.8,30.0,1,10.7,1.8,1,7.1,1,0
SS2011,61.2,44.3,5,59.5,43.5,0,4.9,1.2,1,0.0,1,1
SS2012,93.3,76.7,3,80.6,69.9,0,3.4,1.8,0,17.5,0,0
SS2013,70.0,58.2,4,58.7,50.0,2,12.5,0.0,3,22.1,1,1
SS2014,56.1,60.9,6,64.6,52.4,0,12.7,1.7,0,8.2,0,0
SS2015,63.5,41.9,4,41.0,33.7,0,11.6,2.5,0,11.7,0,1
SS2016,63.7,57.2,6,55.4,53.1,3,12.2,1.4,3,14.6,1,0
SS2017,76.6,65.9,4,62.8,49.1,1,6.8,0.1,1,0.0,1,0
SS2018,72.7,78.1,3,69.1,64.0,0,7.0,1.2,2,13.5,0,0
SS2019,72.0,56.0,4,58.5,45.3,0,4.8,2.5,0,4.0,1,0
SS2020,83.4,87.5,5,92.2,84.5,0,8.8,1.7,1,23.0,1,0
SS2021,80.1,57.1,5,47.1,35.0,0,5.4,0.4,1,5.7,0,1
SS2022,79.8,57.1,6,59.5,48.8,1,5.8,3.4,0,13.4,0,1
SS2023,80.9,86.0,3,85.2,75.3,2,11.0,0.5,2,5.8,1,0
SS2024,83.4,68.7,6,78.6,71.6,0,13.9,1.3,0,22.4,1,0
SS2025,50.7,58.8,5,44.7,39.7,1,10.0,0.7,0,3.4,1,1
SS2026,71.6,64.0,3,51.8,44.2,0,17.0,0.7,0,15.2,0,0
SS2027,49.8,83.6,6,85.3,82.8,0,4.5,1.1,0,11.4,1,0
SS2028,76.4,85.1,4,80.7,73.1,3,0.0,2.0,0,9.8,0,0
SS2029,75.9,55.4,5,59.2,46.6,1,11.6,2.5,2,8.6,1,0
SS2030,88.5,65.4,5,56.9,30.4,1,4.1,1.2,1,2.3,1,1
SS2031,90.3,67.2,3,56.4,51.9,2,6.6,0.7,0,0.0,1,0
SS2032,78.4,53.2,3,49.8,36.2,0,0.0,1.9,1,14.5,1,1
SS2033,70.0,65.3,5,67.9,52.2,0,3.5,1.9,0,3.6,0,1
SS2034,81.8,66.1,4,69.7,49.3,1,0.5,1.7,1,15.2,1,0
SS2035,69.7,80.8,3,83.6,75.8,0,5.8,1.7,2,9.5,0,1
SS2036,76.0,81.7,3,73.6,67.4,2,6.0,1.4,2,15.4,1,0
SS2037,87.8,61.7,6,54.8,47.4,1,8.4,1.6,1,12.6,0,0
SS2038,69.3,63.2,3,67.2,48.9,0,14.2,1.4,0,0.0,0,0
SS2039,85.7,74.6,3,77.7,66.4,1,11.4,2.4,0,11.3,1,0
SS2040,84.1,58.4,5,49.2,42.1,2,0.0,3.3,2,4.6,0,1
SS2041,64.5,73.7,3,70.3,58.4,1,11.0,1.6,1,15.2,1,0
SS2042,87.7,64.9,5,66.0,53.1,1,8.6,1.5,1,11.1,1,0
SS2043,84.4,53.4,5,58.8,40.9,0,7.5,1.7,3,11.2,0,0
SS2044,77.2,53.6,5,52.5,43.7,0,7.9,1.0,0,5.1,0,1
SS2045,66.9,84.8,4,72.0,53.3,1,9.0,2.1,2,0.6,1,1
SS2046,65.7,64.0,6,68.4,62.5,0,4.5,1.9,1,4.0,0,0
SS2047,69.5,87.3,5,79.6,69.7,1,7.1,1.2,0,0.0,1,0
SS2048,82.5,59.3,4,57.2,50.6,1,13.9,2.2,0,2.9,1,0
SS2049,64.5,69.8,3,59.6,47.2,0,4.5,1.5,1,0.0,1,0
SS2050,81.3,95.0,4,99.9,99.7,0,2.9,0.7,0,0.0,1,0
SS2051,61.1,52.3,3,53.4,47.2,0,7.7,1.8,1,7.8,1,0
SS2052,73.6,41.3,3,45.3,35.0,3,2.3,1.7,2,10.7,1,1
SS2053,77.3,82.7,4,76.6,64.0,2,0.0,2.3,1,6.8,1,0
SS2054,100.0,55.3,3,59.0,53.1,0,6.3,2.2,1,3.5,1,0
SS2055,59.5,65.7,3,57.7,48.1,2,15.2,1.4,1,0.4,1,1
SS2056,93.7,58.4,4,57.9,52.8,0,7.8,1.1,1,4.8,0,0
SS2057,77.8,69.5,5,68.3,60.2,0,8.9,1.5,2,1.2,1,1
SS2058,80.9,53.6,3,52.3,33.8,0,0.0,1.8,0,6.6,1,0
SS2059,77.4,63.7,4,63.3,50.2,1,10.2,1.9,3,0.0,0,1
SS2060,81.3,71.8,3,69.3,56.5,2,8.5,1.7,0,11.9,1,0
SS2061,74.2,52.9,3,44.1,39.9,2,4.7,1.4,0,3.0,0,1
SS2062,93.4,56.9,3,57.5,49.0,0,8.9,2.3,2,9.6,0,1
SS2063,70.5,61.5,4,55.8,39.8,1,8.9,1.0,0,13.2,1,1
SS2064,89.6,47.4,5,36.8,21.9,0,2.7,3.5,0,9.3,1,0
SS2065,68.3,60.5,6,64.3,55.2,0,9.7,2.1,0,12.6,1,0
SS2066,75.3,67.5,5,68.5,56.5,0,14.0,0.6,2,0.0,1,1
SS2067,63.1,60.8,5,52.1,46.0,1,6.9,1.6,1,3.6,1,0
SS2068,81.5,62.5,6,63.6,49.0,1,3.7,2.1,0,14.7,1,0
SS2069,93.3,65.7,4,62.9,42.5,1,7.1,1.2,1,10.6,0,0
SS2070,75.1,57.5,6,60.1,48.8,2,12.3,0.3,0,19.9,1,0
SS2071,73.6,75.0,6,72.6,68.3,1,1.9,0.7,3,18.9,0,0
SS2072,62.6,84.7,5,82.9,72.9,2,10.9,1.9,0,9.1,1,0
SS2073,73.2,60.0,6,57.6,44.6,0,4.6,0.1,1,5.2,1,0
SS2074,56.9,72.3,3,73.5,69.7,0,9.2,0.3,1,0.3,1,0
SS2075,65.0,62.9,6,69.9,62.7,2,5.2,1.9,1,3.7,1,0
SS2076,78.7,70.8,5,70.3,65.1,0,5.2,1.3,3,4.1,1,0
SS2077,91.8,86.4,3,80.6,76.7,0,15.6,0.9,0,2.8,1,0
SS2078,100.0,72.6,3,78.7,73.5,1,1.0,1.1,2,0.6,1,0
SS2079,69.0,42.9,5,36.6,20.0,0,10.4,0.3,1,9.8,1,1
SS2080,93.2,71.9,4,70.2,51.7,1,16.7,1.9,1,18.9,1,0
SS2081,78.9,82.0,4,92.3,85.3,1,11.4,0.9,0,13.5,1,0
SS2082,74.2,63.1,4,46.4,25.2,0,1.3,1.1,0,4.7,1,1
SS2083,81.2,78.9,6,78.2,76.3,1,1.6,1.8,0,14.1,1,0
SS2084,76.7,57.0,4,52.6,47.0,0,4.2,1.3,0,9.4,1,0
SS2085,77.3,46.7,3,48.0,43.0,3,8.8,0.9,3,6.7,1,1
SS2086,71.1,67.8,4,63.2,42.4,0,9.1,0.0,2,6.3,0,0
SS2087,59.2,43.2,3,45.4,27.8,0,1.6,1.8,0,5.6,1,1
SS2088,57.5,62.9,5,58.2,54.8,2,3.6,1.6,1,11.6,1,1
SS2089,83.8,82.7,6,86.2,70.0,1,3.9,1.1,2,8.0,1,0
SS2090,72.7,41.2,6,40.5,35.4,1,7.1,0.7,0,1.9,1,1
SS2091,68.8,49.4,5,53.6,48.8,0,17.9,1.5,1,1.6,1,0
SS2092,76.1,52.6,6,66.6,36.0,2,3.3,1.9,2,9.1,1,1
SS2093,85.5,65.2,4,59.0,42.1,0,3.1,1.6,0,10.0,0,0
SS2094,78.2,61.2,5,80.4,75.9,1,2.3,2.8,1,4.8,0,0
SS2095,68.1,84.2,3,80.0,75.2,1,11.2,2.1,0,0.0,1,0
SS2096,90.7,78.4,5,75.1,65.5,0,7.8,1.4,0,15.8,1,0
SS2097,95.0,72.4,5,69.5,66.9,0,3.5,2.1,1,14.3,1,1
SS2098,81.9,67.9,3,76.9,75.6,0,6.2,1.5,2,0.0,1,0
SS2099,87.7,71.1,5,78.4,62.9,1,4.0,1.5,3,16.4,1,0
SS2100,90.9,54.8,5,55.3,43.0,1,9.5,2.5,0,5.5,0,0
SS2101,89.6,77.1,4,66.6,55.9,1,21.4,0.8,2,8.3,1,0
SS2102,83.4,51.5,5,43.9,32.2,0,10.8,1.5,3,15.0,1,1
SS2103,83.2,76.9,4,73.3,71.3,2,7.5,2.5,1,18.6,1,0
SS2104,82.2,81.4,4,86.1,77.7,0,4.7,1.7,3,14.0,1,0
SS2105,62.8,68.7,3,69.6,44.6,1,1.3,1.2,3,8.7,1,0
SS2106,84.4,63.7,4,59.3,50.6,0,11.7,0.1,2,0.0,1,0
SS2107,59.7,71.2,6,66.5,56.0,0,11.4,0.0,3,0.0,1,0
SS2108,66.5,28.8,6,30.0,20.0,0,5.7,3.2,1,13.1,1,1
SS2109,91.6,69.9,5,88.6,76.0,1,14.1,1.7,1,16.4,1,0
SS2110,86.1,64.5,5,63.8,61.1,1,8.1,1.0,3,1.3,0,1
SS2111,93.8,65.3,5,76.1,71.1,0,11.9,1.8,2,5.1,1,0
SS2112,72.7,75.2,4,62.3,57.9,1,9.5,0.7,0,3.1,1,0
SS2113,62.2,65.0,4,68.7,65.0,0,7.1,1.2,0,2.9,0,0
SS2114,73.1,51.2,5,53.5,44.2,1,3.2,0.7,0,14.5,1,0
SS2115,77.2,64.2,6,54.3,48.9,0,7.3,0.4,2,8.5,1,0
SS2116,76.9,66.9,4,69.5,62.8,0,12.2,0.0,0,5.4,1,0
SS2117,89.6,67.5,5,73.4,61.0,1,5.5,0.2,0,25.6,1,0
SS2118,71.7,68.1,4,60.6,56.7,2,10.2,2.3,1,0.0,1,0
SS2119,80.2,79.5,4,77.9,67.2,0,2.6,0.7,0,10.8,0,0
SS2120,64.1,51.9,4,49.5,40.9,1,11.9,1.9,3,0.0,1,1
SS2121,81.4,68.3,3,80.2,60.5,2,9.6,2.3,1,5.9,1,1
SS2122,76.0,82.8,4,83.2,64.2,1,2.0,1.5,0,8.0,1,0
SS2123,67.0,43.5,5,51.8,41.8,0,6.9,1.3,0,12.9,1,0
SS2124,73.2,68.3,5,57.7,50.2,0,12.7,1.6,2,5.2,1,0
SS2125,73.8,58.4,6,57.4,48.6,1,1.7,1.2,1,4.4,1,0
SS2126,72.8,61.2,3,56.3,42.8,1,2.6,2.5,1,5.0,1,0
SS2127,97.3,54.2,6,53.8,49.4,1,7.7,3.0,0,0.0,0,0
SS2128,74.8,63.8,6,64.3,57.2,1,18.7,2.7,3,11.4,1,1
SS2129,73.1,89.9,4,95.8,90.0,0,4.6,0.0,2,9.0,0,0
SS2130,50.8,49.6,4,48.8,32.7,1,10.5,1.2,2,10.0,0,1
SS2131,65.3,50.8,4,48.5,45.1,0,9.3,1.5,1,6.5,0,0
SS2132,72.8,49.1,5,54.0,49.2,1,5.1,1.9,3,5.6,0,1
SS2133,67.8,88.5,6,84.5,77.5,0,8.8,0.1,2,15.2,1,0
SS2134,92.6,60.0,5,59.3,46.1,0,5.8,0.1,1,14.2,1,0
SS2135,74.0,65.7,5,64.6,49.6,2,6.2,2.5,3,16.9,1,0
SS2136,91.5,60.8,5,64.0,54.6,0,0.0,1.1,2,9.6,1,0
SS2137,76.7,53.7,3,43.5,22.1,1,7.9,0.3,2,16.5,1,1
SS2138,76.4,62.9,5,59.9,36.2,2,12.5,0.6,2,4.1,1,1
SS2139,74.9,95.0,3,98.1,94.4,0,8.3,1.8,1,5.6,0,0
SS2140,76.0,84.1,6,93.1,86.2,0,13.5,0.8,1,15.4,0,0
SS2141,96.6,54.9,6,53.8,37.8,1,10.9,1.7,0,12.9,1,1
SS2142,48.2,74.4,5,62.3,50.3,3,7.7,0.7,1,5.0,1,1
SS2143,52.0,55.2,4,51.3,35.6,0,4.9,0.1,0,0.0,1,0
SS2144,69.5,42.9,5,40.6,35.6,0,5.6,2.6,0,5.6,1,0
SS2145,76.2,79.3,5,76.7,46.8,1,0.6,1.8,3,2.2,1,0
SS2146,84.3,81.1,5,87.2,78.2,0,6.7,1.2,0,19.1,1,0
SS2147,81.7,79.6,5,85.1,76.6,0,8.7,1.1,2,12.3,1,0
SS2148,71.4,59.9,3,66.1,49.8,0,16.6,2.7,0,1.6,1,0
SS2149,88.2,63.8,3,59.8,39.7,1,10.6,2.0,0,0.0,1,0
SS2150,88.4,75.7,4,71.1,60.3,2,3.7,2.4,0,1.6,1,0
SS2151,78.2,71.1,5,80.3,69.7,1,0.8,1.0,1,3.1,1,0
SS2152,87.6,60.9,4,69.1,56.2,0,7.0,1.5,1,5.8,0,0
SS2153,79.3,45.0,5,40.2,25.8,0,12.1,1.8,0,14.8,1,0
SS2154,69.3,67.5,4,73.6,61.0,0,6.9,1.1,1,0.2,0,0
SS2155,84.4,80.0,6,81.5,76.1,0,10.7,1.4,1,23.0,1,0
SS2156,77.3,50.4,4,65.5,55.4,0,7.1,1.0,0,0.4,1,0
SS2157,76.0,74.3,6,80.4,73.1,0,11.6,1.8,0,0.0,0,0
SS2158,93.7,70.3,4,58.5,50.1,0,0.0,0.4,0,18.8,0,0
SS2159,46.6,75.8,4,79.5,61.7,1,16.0,2.0,0,16.2,1,1
SS2160,59.0,77.3,5,75.1,58.2,3,2.4,1.7,0,5.7,0,1
SS2161,61.8,57.0,4,52.2,22.5,1,12.0,1.3,2,9.7,1,0
SS2162,71.6,45.0,3,34.1,29.1,2,6.6,1.9,1,9.8,0,1
SS2163,72.9,59.1,4,67.7,51.4,1,7.4,1.2,2,8.0,1,1
SS2164,57.9,77.6,6,65.4,53.9,0,6.8,1.0,2,0.0,0,0
SS2165,64.2,59.0,3,65.0,60.3,1,9.3,1.9,1,0.0,0,1
SS2166,65.7,57.0,4,54.9,36.1,1,10.3,2.0,0,1.1,0,1
SS2167,100.0,42.3,5,43.6,33.2,0,13.3,1.1,0,19.7,0,1
SS2168,97.6,88.8,5,85.1,77.8,0,15.0,1.0,1,20.0,1,0
SS2169,71.1,76.7,4,63.6,58.2,1,9.7,1.4,0,5.2,1,0
SS2170,71.6,76.0,3,86.8,79.1,1,16.6,1.1,0,0.3,1,0
SS2171,62.2,78.6,3,76.1,74.2,0,8.5,2.7,3,8.9,0,1
SS2172,53.1,73.5,4,73.6,62.3,2,13.4,1.8,0,10.1,1,1
SS2173,74.6,62.8,6,65.5,46.3,0,10.1,1.5,0,11.2,1,0
SS2174,64.0,63.9,3,62.9,54.0,0,5.3,0.8,3,0.0,0,1
SS2175,75.0,60.4,6,48.9,29.4,1,8.9,2.1,0,29.1,1,0
SS2176,56.8,95.0,5,80.8,66.6,0,10.5,1.0,0,14.9,0,0
SS2177,66.9,73.2,3,77.4,56.3,3,7.8,1.0,0,5.6,0,0
SS2178,77.8,60.0,4,74.6,52.5,0,10.1,2.1,1,2.0,1,1
SS2179,80.4,72.1,3,71.2,46.6,4,12.3,1.8,3,13.9,1,0
SS2180,81.0,52.9,6,53.2,42.1,0,7.9,0.0,1,10.5,1,1
SS2181,60.2,85.6,5,76.5,67.8,0,0.0,1.4,1,7.6,1,0
SS2182,86.3,57.4,4,66.3,53.2,1,16.4,1.6,0,10.2,0,0
SS2183,66.4,72.5,4,77.4,65.8,4,6.5,1.2,0,6.2,1,1
SS2184,83.6,79.9,5,75.6,69.0,0,3.9,1.6,1,9.8,1,0
SS2185,75.9,71.0,3,65.2,62.1,1,2.4,0.1,0,12.1,1,0
SS2186,59.5,67.2,4,65.9,44.6,0,6.3,0.0,0,9.4,0,0
SS2187,72.2,66.1,3,59.2,52.9,2,5.2,0.7,1,9.0,1,1
SS2188,80.4,65.3,5,78.9,69.1,0,4.3,1.7,2,16.8,0,0
SS2189,83.4,58.5,5,56.7,38.9,0,4.6,0.0,3,0.0,0,1
SS2190,74.3,60.2,4,67.4,66.0,2,10.6,0.8,2,1.4,1,0
SS2191,94.4,85.2,3,87.7,79.1,1,18.2,0.0,1,7.2,1,0
SS2192,88.1,64.6,4,63.6,59.4,1,12.1,1.3,2,1.9,1,0
SS2193,72.9,55.8,6,56.7,44.3,1,13.6,3.1,3,4.2,0,1
SS2194,85.0,59.3,3,61.3,42.9,0,6.1,1.3,0,16.0,1,0
SS2195,99.2,80.3,3,88.6,78.0,0,8.5,1.4,1,6.0,0,0
SS2196,99.5,74.8,3,71.8,51.5,1,10.1,2.2,0,0.0,0,0
SS2197,61.3,73.3,6,76.4,67.2,0,4.7,1.5,3,4.0,1,0
SS2198,64.9,62.7,3,50.0,41.8,0,5.9,1.3,3,7.4,1,0
SS2199,93.8,73.5,5,86.4,65.5,0,12.3,2.2,2,7.3,0,0
SS2200,63.3,57.6,6,51.9,32.2,0,13.5,1.9,0,10.9,0,1
SS2201,60.1,62.6,5,61.7,61.4,1,8.3,1.7,3,10.3,1,1
SS2202,70.2,78.6,4,79.3,62.4,0,2.0,1.4,0,6.0,1,1
SS2203,81.0,77.4,3,88.7,67.2,1,6.5,1.2,0,0.0,1,0
SS2204,74.8,53.2,3,46.3,40.3,2,0.8,2.2,1,3.9,1,1
SS2205,68.2,54.9,3,52.1,39.4,1,8.4,1.2,2,2.6,0,1
SS2206,67.9,67.4,6,62.5,42.7,2,9.3,2.5,2,5.0,1,1
SS2207,67.5,88.4,3,89.3,79.4,1,6.6,0.7,0,11.8,0,0
SS2208,65.4,41.1,3,36.7,20.7,2,9.2,2.6,0,9.8,1,0
SS2209,100.0,69.6,6,68.3,57.1,3,10.1,1.9,1,12.8,0,1
SS2210,79.6,48.1,4,50.5,43.4,2,9.3,0.7,0,4.3,1,1
SS2211,86.6,57.8,4,54.8,48.1,1,2.0,1.9,2,17.6,0,1
SS2212,70.1,61.3,5,63.3,58.3,2,6.7,1.0,0,11.7,1,0
SS2213,73.8,60.5,5,54.4,45.5,2,10.0,1.5,0,7.8,0,0
SS2214,67.4,59.1,6,67.1,60.0,0,15.9,1.1,1,11.2,1,0
SS2215,44.2,66.1,4,77.1,61.1,0,6.6,1.4,2,2.3,1,0
SS2216,59.5,59.0,5,54.8,50.3,1,10.8,2.3,2,0.0,1,1
SS2217,54.3,47.0,6,46.3,32.9,3,12.4,1.9,0,2.8,1,1
SS2218,49.0,76.1,4,61.5,54.2,1,7.0,0.6,0,12.2,1,0
SS2219,61.7,75.8,4,85.3,73.2,1,13.7,0.6,3,7.6,1,1
SS2220,91.9,77.0,6,73.7,70.3,1,14.0,1.7,1,6.0,1,0
SS2221,75.5,46.0,3,54.0,40.2,0,14.9,1.8,0,1.1,1,1
SS2222,91.5,69.9,3,63.9,58.7,2,10.3,1.0,0,0.0,1,0
SS2223,80.9,74.8,5,75.6,60.5,1,19.8,2.8,3,17.0,1,1
SS2224,85.4,52.6,6,49.9,32.8,0,4.9,2.2,2,5.5,1,0
SS2225,65.2,66.1,3,66.3,59.8,1,18.6,1.0,0,4.0,1,0
SS2226,82.3,64.5,6,64.2,46.9,1,11.8,0.9,0,2.3,0,1
SS2227,84.7,89.9,6,75.2,68.3,1,14.7,1.3,0,15.8,1,0
SS2228,69.1,91.0,6,95.4,86.3,1,6.4,1.2,0,13.2,1,0
SS2229,82.7,44.4,4,36.8,28.3,1,12.2,2.5,0,0.2,0,1
SS2230,82.8,95.0,4,99.8,99.6,0,15.1,2.3,0,15.2,0,0
SS2231,69.4,54.1,5,57.9,47.6,0,2.6,1.5,0,6.0,1,1
SS2232,62.5,78.7,3,73.4,68.7,0,7.2,2.0,0,2.7,1,0
SS2233,61.8,78.6,6,67.9,63.6,0,0.0,2.2,1,4.9,0,0
SS2234,77.0,53.1,5,59.2,56.5,1,7.1,1.5,1,1.5,0,0
SS2235,79.9,72.4,4,68.4,63.8,0,3.9,1.8,2,0.0,1,1
SS2236,66.5,64.6,5,63.0,55.2,1,6.9,2.0,0,12.4,1,0
SS2237,76.3,73.2,5,77.0,70.9,0,22.6,1.9,2,5.5,0,0
SS2238,82.8,69.0,5,77.6,70.9,1,16.6,0.9,3,11.3,0,0
SS2239,83.4,81.6,6,82.9,72.9,0,0.8,1.0,3,9.0,1,0
SS2240,94.6,67.0,6,71.3,65.2,1,10.8,1.3,0,10.8,1,0
SS2241,91.3,63.8,6,49.6,40.1,0,12.0,0.9,0,0.0,1,0
SS2242,64.0,80.2,5,93.3,83.3,0,6.3,0.3,1,0.9,1,0
SS2243,96.2,73.5,5,85.2,78.2,0,8.9,2.0,0,11.0,1,0
SS2244,69.6,75.5,4,80.6,74.8,1,9.4,1.8,0,0.0,1,0
SS2245,88.5,57.4,3,66.7,62.0,0,1.3,0.4,0,9.6,1,0
SS2246,76.8,52.4,4,43.6,24.7,0,2.8,1.3,1,0.0,1,1
SS2247,71.1,58.6,6,46.1,22.8,1,8.9,1.4,2,7.1,0,1
SS2248,54.3,57.9,3,65.0,52.3,1,8.5,1.6,0,18.3,0,0
SS2249,73.9,76.2,5,73.7,56.9,1,4.5,0.6,3,12.4,0,1
SS2250,57.3,78.7,3,81.4,75.4,0,4.0,0.4,2,0.0,0,0
SS2251,87.6,64.0,4,59.5,44.9,0,7.6,1.9,0,12.9,0,0
SS2252,94.2,84.6,3,83.7,75.5,0,12.4,0.3,1,19.8,1,0
SS2253,66.4,83.8,5,83.1,67.9,1,7.6,1.3,0,26.6,1,0
SS2254,79.6,69.2,6,69.9,61.7,1,16.1,1.2,3,10.3,0,1
SS2255,67.3,55.3,6,58.1,52.5,1,4.5,1.4,2,0.0,1,0
SS2256,68.5,86.5,5,87.8,75.9,2,9.0,1.7,1,10.0,1,0
SS2257,85.3,65.2,3,59.3,50.8,1,6.2,2.8,1,18.2,0,0
SS2258,75.5,67.6,5,75.4,58.8,1,10.9,0.2,0,5.7,1,1
SS2259,96.9,61.6,3,60.0,59.4,1,4.1,2.2,3,14.3,0,0
SS2260,70.2,54.4,4,61.8,41.6,0,17.6,0.0,3,1.1,1,0
SS2261,88.0,46.9,5,46.2,35.8,1,0.0,2.6,2,9.6,1,1
SS2262,77.2,74.2,5,87.2,83.7,1,16.6,0.0,1,0.0,0,0
SS2263,85.5,55.8,3,60.0,55.0,0,8.4,3.4,0,0.3,0,0
SS2264,70.6,95.0,6,96.8,90.4,1,10.8,1.2,0,7.0,1,0
SS2265,75.4,51.9,4,58.7,53.6,1,14.7,2.5,0,4.5,1,1
SS2266,74.6,49.7,6,67.3,45.5,1,12.3,2.4,1,0.0,1,0
SS2267,66.0,72.6,5,67.6,35.4,1,4.3,1.2,2,3.5,1,0
SS2268,83.9,85.9,5,67.1,43.0,0,11.0,1.2,3,9.3,1,0
SS2269,83.8,66.8,5,78.0,56.3,0,17.3,0.8,0,6.4,1,0
SS2270,83.1,73.4,6,83.4,72.3,0,3.6,2.1,0,7.4,1,0
SS2271,94.4,42.0,3,54.3,35.4,0,18.6,1.2,0,12.1,1,0
SS2272,93.4,57.2,5,59.5,43.8,0,9.9,0.8,3,4.6,1,1
SS2273,71.5,52.0,3,54.1,33.9,0,5.8,1.9,2,16.5,1,1
SS2274,80.5,41.4,4,41.3,35.5,1,3.5,0.8,1,0.1,1,1
SS2275,68.5,67.5,6,64.0,52.5,0,6.9,1.2,1,20.5,1,0
SS2276,76.3,36.8,6,37.3,22.7,0,0.0,1.6,1,14.8,0,1
SS2277,68.8,48.8,4,49.1,33.9,0,5.9,1.0,0,4.5,0,1
SS2278,95.4,59.0,4,58.7,41.2,2,6.7,1.1,0,5.0,0,0
SS2279,80.4,55.2,5,60.1,58.1,1,2.6,2.7,0,8.4,1,0
SS2280,73.4,71.2,4,70.9,64.2,1,11.7,1.3,0,11.2,0,0
SS2281,90.3,70.0,3,68.2,51.8,0,6.9,1.2,1,14.7,1,0
SS2282,50.0,77.6,4,81.0,60.2,0,4.8,1.4,0,0.0,1,0
SS2283,51.8,75.8,4,77.2,72.5,0,6.4,1.9,2,10.1,0,0
SS2284,85.6,80.8,5,78.6,69.0,1,9.8,0.7,1,0.0,1,0
SS2285,76.7,66.0,6,70.4,64.7,0,8.4,1.8,1,5.8,0,0
SS2286,79.0,69.9,5,57.8,51.9,0,4.5,1.7,3,17.2,1,1
SS2287,60.1,72.6,4,60.3,48.6,5,8.6,0.1,0,0.0,1,0
SS2288,75.7,67.8,5,64.1,47.6,0,7.7,2.9,1,0.0,1,1
SS2289,100.0,60.8,6,65.3,51.8,0,2.3,2.7,0,8.5,0,0
SS2290,85.9,61.7,4,66.4,60.2,0,6.6,0.9,2,16.7,1,0
SS2291,78.0,55.4,4,63.0,48.7,1,10.9,0.6,1,9.3,1,0
SS2292,70.7,71.5,3,69.4,64.0,0,10.9,1.7,0,0.0,1,0
SS2293,71.3,64.8,6,73.0,62.9,1,6.9,0.4,0,0.0,0,0
SS2294,50.4,57.4,6,50.0,40.4,0,11.4,2.6,2,7.7,1,1
SS2295,79.1,57.4,3,46.5,35.2,0,3.1,1.1,1,0.0,0,1
SS2296,86.1,50.3,4,47.6,38.0,1,3.3,2.8,1,8.0,1,1
SS2297,57.1,78.7,4,81.7,71.9,0,6.7,0.8,1,8.4,1,0
SS2298,68.1,67.0,6,59.7,50.3,0,15.5,1.4,1,3.6,1,1
SS2299,62.1,54.8,3,63.4,55.2,1,8.8,2.5,1,19.7,0,1
SS2300,64.4,76.5,3,61.5,52.6,0,6.6,1.2,0,11.1,1,0
SS2301,76.6,58.7,4,59.6,55.5,2,15.7,1.7,1,15.5,1,1
SS2302,51.0,47.7,5,48.3,35.8,0,6.6,2.4,1,13.4,1,1
SS2303,83.4,79.3,3,86.1,74.0,0,19.2,1.1,2,5.9,0,0
SS2304,85.0,59.0,5,59.5,55.9,1,5.4,0.5,1,5.6,1,0
SS2305,73.0,60.7,5,68.5,63.0,2,2.9,0.3,1,4.9,1,0
SS2306,46.2,66.5,6,61.7,55.2,0,7.2,2.0,3,11.8,1,0
SS2307,64.0,80.9,3,71.5,66.4,2,6.8,1.8,2,2.4,1,0
SS2308,90.8,66.3,3,66.9,57.6,0,4.0,2.3,0,19.1,0,0
SS2309,42.7,50.4,3,54.3,26.8,3,21.0,1.3,3,1.8,1,1
SS2310,71.8,73.1,6,71.3,58.4,0,9.6,0.4,0,8.5,0,0
SS2311,61.8,59.7,5,63.3,48.9,0,10.3,0.0,2,5.4,0,1
SS2312,85.7,90.5,5,87.4,71.2,2,5.7,3.8,0,3.8,1,0
SS2313,67.9,66.0,6,83.1,74.9,0,5.1,1.9,1,22.2,0,0
SS2314,80.8,36.9,5,35.1,31.6,0,13.1,1.6,3,3.9,1,1
SS2315,82.8,70.6,3,71.5,58.7,2,0.0,1.7,0,4.9,1,0
SS2316,98.0,91.3,5,91.7,82.4,0,2.3,0.4,2,2.4,1,0
SS2317,73.6,86.5,5,85.2,69.6,1,6.8,0.9,1,7.3,0,0
SS2318,80.5,89.8,3,90.9,75.3,0,14.8,2.9,0,6.3,1,0
SS2319,58.2,52.7,5,51.0,32.3,0,6.1,2.0,3,0.0,0,0
SS2320,90.3,77.9,4,70.0,62.9,0,10.1,0.9,1,4.0,1,0
SS2321,66.9,56.6,3,60.6,46.9,0,8.1,0.5,2,11.3,1,1
SS2322,69.3,68.9,4,66.2,58.7,1,14.5,1.1,2,14.2,0,1
SS2323,75.7,49.5,4,50.1,30.6,1,0.1,1.2,0,7.2,1,1
SS2324,57.2,57.6,4,54.9,43.0,0,11.7,3.1,0,7.4,1,0
SS2325,78.7,57.2,4,68.2,57.9,0,7.0,1.3,0,4.5,0,0
SS2326,87.6,77.7,5,72.2,63.3,0,12.6,0.5,1,3.5,1,0
SS2327,79.5,76.4,4,69.0,57.3,0,3.9,1.5,0,0.6,0,0
SS2328,56.9,69.6,4,75.1,69.1,1,8.1,1.7,0,0.0,0,0
SS2329,74.5,48.4,6,60.8,44.3,1,7.5,0.5,2,2.1,1,1
SS2330,84.9,61.9,3,55.9,46.7,0,3.0,1.8,0,13.3,1,0
SS2331,53.5,56.3,4,47.8,43.9,0,1.6,2.5,2,4.0,0,1
SS2332,63.1,77.3,3,81.1,73.1,0,5.1,1.6,1,4.6,0,0
SS2333,86.5,81.3,6,84.2,73.3,2,8.6,0.9,0,4.4,1,0
SS2334,79.2,79.7,3,76.0,56.9,1,4.2,1.1,0,15.7,1,1
SS2335,80.9,56.2,6,48.3,31.4,0,6.3,0.2,0,0.5,1,0
SS2336,98.3,30.4,3,28.9,20.0,0,0.0,1.4,1,8.9,1,1
SS2337,81.6,43.0,4,46.4,37.2,0,6.1,1.7,0,6.5,1,0
SS2338,83.9,84.5,5,75.6,61.3,0,13.1,0.8,2,7.5,1,0
SS2339,100.0,60.8,6,57.5,42.5,1,11.5,3.1,2,8.7,1,0
SS2340,73.4,56.2,3,63.2,49.2,1,7.6,2.1,0,7.4,1,0
SS2341,66.4,87.4,3,70.6,67.4,0,9.2,0.1,2,12.6,0,0
SS2342,81.1,82.4,6,78.9,74.6,1,3.9,0.1,3,6.8,1,0
SS2343,81.3,66.3,4,65.9,56.2,0,16.1,0.7,0,19.2,1,0
SS2344,69.7,62.2,3,68.9,61.8,0,18.3,2.8,3,7.3,1,0
SS2345,63.6,64.3,5,64.8,50.6,0,8.8,2.2,0,0.0,1,0
SS2346,100.0,69.0,3,70.5,50.1,0,21.0,2.8,1,11.5,0,0
SS2347,79.9,86.8,6,86.9,77.0,1,4.6,1.5,0,9.7,1,0
SS2348,67.2,71.5,6,69.2,60.9,1,1.7,1.3,2,7.2,1,0
SS2349,87.0,75.4,6,81.0,78.3,1,4.5,0.5,2,5.2,0,0
SS2350,74.7,81.2,4,79.0,61.6,2,6.9,1.8,3,0.0,1,0
SS2351,73.0,50.8,3,59.4,55.6,0,19.6,1.3,3,0.0,1,0
SS2352,82.7,75.8,4,78.8,77.4,2,6.6,1.3,0,18.5,0,1
SS2353,60.5,62.2,4,70.6,64.7,1,3.7,2.8,1,2.9,0,1
SS2354,80.2,33.3,6,44.9,34.6,0,3.5,1.4,0,13.8,1,0
SS2355,99.0,38.3,5,29.6,25.6,2,13.7,2.6,0,0.0,1,1
SS2356,81.6,52.8,6,54.0,42.6,0,13.0,0.2,0,0.0,1,0
SS2357,71.5,72.9,6,82.7,65.2,0,5.6,3.7,3,11.8,1,0
SS2358,69.9,67.5,5,73.1,64.8,0,0.0,1.2,1,6.3,1,0
SS2359,71.1,68.4,3,73.8,67.1,1,2.4,2.1,0,10.8,0,0
SS2360,73.0,91.4,3,91.1,79.7,1,16.6,2.2,3,6.9,1,0
SS2361,71.5,49.5,3,37.1,21.2,0,11.4,1.1,2,5.5,0,1
SS2362,87.0,65.6,5,62.4,57.8,0,8.3,2.2,0,2.2,0,0
SS2363,55.2,70.0,3,67.7,45.7,0,17.3,2.2,1,0.0,0,0
SS2364,86.3,56.4,6,63.2,55.5,0,17.8,0.9,2,16.8,0,0
SS2365,71.4,66.4,3,66.0,56.3,0,7.8,0.9,1,18.0,1,1
SS2366,80.5,45.2,6,47.5,31.0,0,7.9,1.5,1,0.0,1,1
SS2367,62.5,84.3,5,98.3,95.0,0,5.1,1.4,1,0.0,1,0
SS2368,91.9,57.1,3,66.0,58.4,1,6.6,2.6,0,4.6,1,0
SS2369,90.9,92.4,3,97.4,92.1,1,0.6,2.1,1,9.4,1,0
SS2370,87.5,65.6,4,72.2,58.8,0,0.5,1.4,0,5.7,0,0
SS2371,57.8,79.4,4,88.5,82.6,0,0.0,2.0,0,10.5,1,0
SS2372,85.9,65.3,4,72.4,61.3,1,13.4,0.0,0,6.7,1,0
SS2373,80.9,65.6,5,69.7,55.7,0,0.2,1.0,1,6.2,0,0
SS2374,56.7,58.4,3,63.3,55.5,0,17.7,1.7,1,23.9,1,0
SS2375,75.7,67.5,3,66.3,54.1,0,4.3,2.4,1,3.3,1,0
SS2376,80.4,70.1,5,59.3,46.9,0,16.7,1.7,0,18.5,1,0
SS2377,82.7,55.8,6,62.4,55.1,1,6.2,2.7,3,17.1,1,1
SS2378,78.1,64.4,4,58.7,54.3,0,0.2,2.2,0,10.5,0,0
SS2379,79.5,58.1,6,54.5,51.7,0,14.4,1.1,1,0.0,1,1
SS2380,93.7,95.0,4,83.7,62.0,0,15.0,1.4,0,7.2,1,0
SS2381,90.7,64.8,4,78.2,66.5,0,3.5,1.8,2,3.4,1,0
SS2382,41.6,86.1,3,87.7,80.2,0,6.3,1.1,1,7.1,1,0
SS2383,72.2,63.5,4,65.2,59.6,0,3.5,2.7,1,0.0,1,0
SS2384,74.0,69.4,4,72.1,53.7,0,7.4,0.6,2,12.3,1,0
SS2385,55.0,48.8,5,54.3,37.2,1,8.5,1.8,2,13.9,0,1
SS2386,77.1,60.2,3,65.3,53.6,0,6.2,2.1,1,15.2,0,1
SS2387,91.0,68.7,3,70.3,51.4,1,0.0,1.2,1,4.3,1,0
SS2388,63.0,86.6,4,86.9,74.0,2,5.1,1.1,3,0.0,1,0
SS2389,80.0,68.9,3,78.0,59.6,0,11.5,1.4,3,9.5,0,0
SS2390,65.0,84.0,3,83.4,70.1,1,7.0,2.1,2,19.3,1,0
SS2391,67.9,74.3,5,84.2,78.0,0,6.4,1.1,2,7.5,1,0
SS2392,93.7,87.2,6,72.9,61.6,1,3.3,0.6,2,10.2,1,0
SS2393,69.5,65.2,5,57.0,52.1,3,4.9,2.4,3,5.4,1,1
SS2394,81.5,95.0,3,88.9,70.8,1,15.0,1.8,0,3.5,0,0
SS2395,53.5,59.7,6,56.4,33.6,4,2.3,2.3,3,11.6,1,1
SS2396,98.3,56.0,5,50.8,32.6,0,11.6,2.1,2,6.3,0,0
SS2397,83.2,50.3,5,51.6,46.5,1,8.2,3.2,1,9.8,0,1
SS2398,73.8,95.0,3,97.3,92.0,0,9.2,2.4,1,10.6,0,0
SS2399,82.9,76.7,5,80.5,54.5,0,4.3,0.9,0,9.4,0,0
SS2400,59.1,61.7,3,66.2,38.2,1,6.2,1.9,2,10.9,0,1
SS2401,90.2,82.2,5,78.3,74.2,0,8.0,1.1,1,1.0,1,0
SS2402,72.1,74.9,3,65.9,62.1,0,5.4,1.1,0,0.6,0,0
SS2403,73.6,91.6,6,82.2,74.5,0,9.7,0.4,1,6.7,1,0
SS2404,70.1,45.9,3,46.4,30.6,0,10.3,1.3,0,6.9,0,1
SS2405,69.0,62.6,5,74.3,68.2,0,18.9,1.9,1,3.3,1,0
SS2406,84.3,60.0,3,52.4,44.4,1,9.4,1.4,1,8.7,1,0
SS2407,79.1,40.3,5,39.6,31.0,0,0.0,0.6,1,13.4,1,0
SS2408,83.8,79.8,4,76.0,68.6,0,13.8,0.3,0,15.3,1,0
SS2409,75.9,62.5,6,46.0,33.3,0,7.0,3.2,0,16.9,1,1
SS2410,82.2,75.6,5,76.3,65.8,1,18.1,1.8,0,0.0,1,0
SS2411,71.0,95.0,4,87.3,77.9,0,15.4,0.8,1,0.0,1,0
SS2412,100.0,61.4,3,54.0,42.0,1,5.5,1.9,3,5.0,1,0
SS2413,57.2,60.5,5,56.5,50.6,2,11.6,3.3,2,7.6,1,1
SS2414,91.1,67.5,4,71.3,65.7,1,5.0,2.0,2,5.3,1,0
SS2415,92.4,78.8,3,85.6,76.6,0,8.0,0.0,0,3.1,1,0
SS2416,65.8,58.6,5,59.0,54.3,0,11.4,3.6,0,4.9,1,0
SS2417,100.0,57.8,3,60.0,43.2,0,13.6,0.0,2,10.4,1,0
SS2418,87.9,79.7,3,73.7,58.6,0,12.5,1.3,1,0.0,1,0
SS2419,87.7,70.9,3,76.6,67.2,0,8.4,0.6,0,23.4,0,0
SS2420,76.3,39.4,4,33.4,20.0,0,20.4,0.9,1,7.1,1,1
SS2421,73.4,50.1,3,52.4,37.6,0,6.2,1.7,1,14.4,1,1
SS2422,73.5,85.5,3,74.5,69.6,1,0.0,0.0,0,2.9,1,0
SS2423,80.7,71.2,4,70.0,68.3,0,0.9,1.4,0,11.0,0,0
SS2424,92.8,56.1,3,58.5,45.4,0,15.4,2.4,1,7.7,1,0
SS2425,78.2,63.8,3,66.9,49.4,1,7.6,0.8,0,13.0,1,0
SS2426,65.1,66.2,4,60.2,43.7,1,8.8,0.4,1,5.6,1,0
SS2427,85.9,75.6,3,62.5,53.4,0,5.3,1.4,2,17.9,1,0
SS2428,87.1,48.3,6,40.9,35.3,1,5.7,1.2,3,0.0,1,1
SS2429,83.9,55.1,4,52.2,42.7,0,4.1,1.0,0,13.6,0,0
SS2430,84.9,69.5,6,75.3,49.2,0,10.4,0.5,0,7.8,0,0
SS2431,72.7,64.7,6,64.8,56.2,0,7.5,1.9,1,0.0,1,0
SS2432,64.9,73.4,6,67.3,66.9,0,10.2,2.0,0,20.7,1,1
SS2433,65.6,50.0,5,50.3,44.5,0,9.7,0.6,2,19.9,1,1
SS2434,56.4,70.6,4,77.2,71.9,0,5.9,0.8,2,0.0,0,0
SS2435,78.8,80.2,5,69.1,60.5,1,0.7,1.6,1,8.2,0,0
SS2436,75.0,72.3,3,81.1,70.6,0,0.3,0.7,2,11.9,1,0
SS2437,70.7,67.8,6,58.6,21.9,1,23.1,1.6,0,10.1,1,0
SS2438,40.5,64.8,4,60.2,53.5,1,15.4,2.7,1,17.6,1,1
SS2439,61.0,55.1,3,50.8,40.6,2,14.7,1.5,3,16.2,0,1
SS2440,89.5,65.1,3,73.9,66.8,1,4.6,0.5,0,8.9,1,0
SS2441,68.0,82.4,3,88.9,68.0,1,8.0,1.8,0,22.9,1,0
SS2442,80.3,64.5,3,60.1,56.0,0,3.9,1.4,2,13.6,1,0
SS2443,59.3,54.4,5,61.4,54.0,0,1.4,1.4,1,4.5,1,1
SS2444,93.3,59.6,3,57.9,45.3,1,5.1,1.9,0,3.1,0,0
SS2445,74.3,68.6,6,76.4,61.1,0,14.6,2.1,0,15.7,1,0
SS2446,79.5,61.1,4,61.9,52.9,1,12.2,1.5,1,1.4,1,0
SS2447,100.0,72.3,5,68.5,56.9,1,3.1,1.5,1,4.1,1,0
SS2448,94.2,72.8,4,74.8,69.1,1,6.4,3.2,1,5.3,1,0
SS2449,72.3,77.6,3,93.5,84.6,0,11.7,2.5,0,9.5,1,0
SS2450,68.9,84.5,3,78.4,66.4,1,5.1,2.2,0,5.6,0,0
SS2451,72.1,78.9,5,93.7,82.7,0,8.4,1.6,1,0.0,1,0
SS2452,82.1,53.9,5,46.6,40.8,0,10.0,0.7,2,15.1,1,0
SS2453,74.7,54.3,4,61.0,48.6,1,10.0,2.4,1,4.2,1,0
SS2454,71.3,65.0,4,56.3,53.8,0,9.3,1.6,1,21.1,1,0
SS2455,93.6,60.1,6,52.8,43.2,0,4.7,1.0,2,9.1,0,0
SS2456,74.6,51.2,6,52.4,44.1,0,5.2,1.3,0,15.9,1,0
SS2457,100.0,60.3,4,59.0,48.8,1,2.3,0.7,0,11.4,0,0
SS2458,77.1,59.8,3,67.3,63.1,2,0.2,2.3,0,16.2,0,0
SS2459,97.4,57.3,4,50.0,39.2,1,7.4,2.0,0,11.0,0,0
SS2460,80.3,61.9,5,66.3,61.8,2,12.1,1.6,3,8.6,1,1
SS2461,87.6,81.3,5,87.6,65.4,0,1.1,1.5,0,14.7,1,0
SS2462,67.3,68.6,3,58.9,38.5,0,9.4,1.0,2,24.4,0,1
SS2463,65.8,95.0,3,88.5,71.1,1,11.9,0.0,0,5.1,0,0
SS2464,81.5,68.2,4,73.0,62.3,1,0.0,0.4,1,12.6,1,0
SS2465,87.9,62.2,6,58.6,53.7,0,6.6,0.9,0,7.0,0,0
SS2466,76.5,66.1,3,61.7,46.8,0,16.2,0.8,0,10.5,1,0
SS2467,60.6,69.3,4,75.0,68.9,0,10.8,1.7,0,7.3,1,1
SS2468,59.7,71.7,3,76.1,65.7,0,0.0,2.1,1,0.0,1,0
SS2469,58.9,93.0,3,94.8,89.5,1,11.3,1.4,1,5.6,1,0
SS2470,54.8,55.0,5,56.2,52.6,3,4.3,2.6,2,14.0,1,1
SS2471,77.3,77.2,4,87.7,66.7,3,11.5,0.9,3,1.6,1,0
SS2472,89.5,68.7,4,78.3,69.1,1,4.5,1.4,1,13.4,1,0
SS2473,75.8,45.6,6,45.3,29.5,0,7.7,1.5,3,8.3,1,1
SS2474,48.9,76.0,3,72.1,60.5,2,5.3,2.4,0,5.7,0,1
SS2475,73.7,82.5,3,76.9,57.2,0,8.0,1.6,0,13.3,1,0
SS2476,74.0,54.9,6,54.7,32.6,1,5.2,1.6,1,11.8,1,1
SS2477,100.0,65.9,5,61.5,45.6,0,6.9,0.2,1,9.9,1,0
SS2478,58.5,43.6,3,55.8,51.1,2,2.1,0.8,1,14.1,1,1
SS2479,71.3,49.6,4,56.3,50.0,1,10.5,2.4,1,8.4,1,1
SS2480,96.5,79.6,5,85.2,74.8,0,8.9,0.0,2,0.0,1,0
SS2481,81.4,59.9,4,57.4,50.3,2,0.0,2.6,0,4.4,0,0
SS2482,82.8,51.6,5,51.1,38.8,0,13.0,1.9,2,0.0,1,1
SS2483,77.4,69.0,5,69.9,65.4,0,7.1,0.9,1,11.6,1,0
SS2484,80.0,59.2,4,65.3,47.5,0,8.8,0.8,1,13.3,1,0
SS2485,85.3,59.9,6,52.6,26.0,0,11.8,3.0,0,13.6,1,0
SS2486,66.3,75.6,4,82.2,72.5,0,9.6,2.6,0,10.4,1,0
SS2487,86.5,50.9,6,48.9,20.6,1,13.8,1.4,0,13.8,1,1
SS2488,59.5,54.2,3,53.5,48.9,1,6.5,1.6,2,0.0,1,1
SS2489,79.9,68.0,4,73.8,68.5,2,13.2,1.0,1,6.2,0,0
SS2490,78.1,78.6,5,81.7,75.0,0,8.6,1.6,0,0.0,1,0
SS2491,68.6,82.1,6,85.0,76.4,1,10.5,1.0,2,4.5,1,0
SS2492,75.7,57.4,3,64.1,52.2,0,10.0,1.4,1,18.3,1,0
SS2493,68.5,78.2,6,81.8,73.5,0,14.2,2.9,3,14.7,1,0
SS2494,63.1,55.8,3,61.9,54.3,1,11.6,1.4,1,11.6,0,0
SS2495,71.8,89.7,4,74.0,57.8,0,5.8,0.7,1,5.7,1,0
SS2496,62.8,51.3,4,40.1,20.0,0,4.8,0.4,1,0.0,0,0
SS2497,79.9,83.3,4,82.8,78.6,1,7.8,1.6,1,8.3,1,0
SS2498,62.2,57.5,6,50.9,39.9,2,4.2,0.9,1,14.8,1,1
SS2499,84.5,92.2,5,90.8,80.3,0,2.7,1.7,0,9.9,1,0
SS2500,61.8,73.7,6,82.8,75.7,2,0.0,0.2,3,0.0,0,1
SS2501,69.2,52.8,4,58.5,46.4,0,0.3,2.1,2,7.7,1,1
SS2502,68.5,59.2,6,64.7,57.3,0,17.9,0.7,1,0.0,0,0
SS2503,91.9,76.2,4,85.8,75.8,0,4.7,1.5,1,12.6,1,0
SS2504,80.0,79.7,5,93.7,89.4,0,17.5,1.2,2,2.1,1,0
SS2505,73.5,65.1,5,68.9,63.9,0,10.0,2.9,0,0.0,1,0
SS2506,82.0,66.6,5,65.3,49.5,0,7.8,1.6,0,12.7,1,0
SS2507,50.7,75.9,5,67.6,67.0,3,0.5,3.1,0,10.9,1,1
SS2508,75.5,67.7,4,66.1,55.9,1,8.0,1.9,0,8.6,1,0
SS2509,100.0,49.2,5,48.7,40.5,1,17.5,2.6,0,22.3,0,1
SS2510,77.6,55.4,6,45.4,40.8,0,15.8,1.3,2,11.4,1,0
SS2511,76.8,69.1,4,50.5,40.8,2,9.4,1.8,0,2.5,1,0
SS2512,82.6,81.8,5,84.2,79.3,1,2.3,2.5,2,10.6,1,0
SS2513,86.7,87.0,3,80.3,79.4,0,3.2,2.2,3,5.0,1,0
SS2514,52.0,76.1,4,84.3,80.8,0,3.7,1.9,0,15.9,1,0
SS2515,55.8,69.7,6,79.7,74.0,0,14.4,1.2,2,9.0,1,0
SS2516,78.5,75.7,5,72.3,57.4,1,16.2,1.4,1,9.7,1,0
SS2517,67.4,57.3,3,58.0,53.0,0,9.0,2.4,3,0.0,1,1
SS2518,91.7,64.0,5,71.3,61.6,2,6.5,2.6,1,7.4,1,1
SS2519,72.2,55.3,6,48.1,37.6,0,15.7,1.0,0,6.6,0,0
SS2520,52.8,49.8,3,47.6,31.7,0,3.1,0.9,0,0.0,1,1
SS2521,60.8,70.3,3,50.0,43.6,0,8.3,0.8,3,5.4,1,1
SS2522,43.0,68.4,4,66.7,55.3,2,10.3,2.2,0,10.1,0,0
SS2523,73.2,74.9,5,82.0,66.0,0,3.7,0.8,2,7.0,1,0
SS2524,73.7,73.1,4,69.9,65.3,0,4.8,2.2,0,0.0,1,0
SS2525,70.9,69.2,6,62.7,57.8,1,4.4,1.9,1,5.1,1,0
SS2526,88.9,73.2,6,72.2,67.1,0,15.1,1.1,1,3.7,1,0
SS2527,90.4,65.4,5,64.6,50.7,2,17.6,2.8,0,8.4,1,0
SS2528,74.0,71.4,4,72.7,65.2,0,8.6,0.3,0,7.6,1,0
SS2529,50.4,56.6,3,58.6,49.6,0,6.7,2.8,0,4.1,1,0
SS2530,83.4,70.8,6,62.0,53.3,1,5.0,1.8,2,3.8,1,0
SS2531,82.7,74.7,6,76.9,67.3,0,8.0,0.0,2,7.5,1,1
SS2532,79.7,57.3,4,61.7,38.8,1,5.2,2.8,0,13.7,1,1
SS2533,87.8,66.7,5,65.5,59.2,0,7.5,2.3,1,9.0,1,0
SS2534,62.0,57.9,6,46.1,37.0,1,10.1,1.2,0,17.0,1,0
SS2535,100.0,59.2,5,62.4,54.3,2,6.0,0.7,2,14.9,0,0
SS2536,64.5,51.4,3,50.0,43.8,2,7.1,0.2,2,17.5,1,0
SS2537,85.0,82.5,5,88.7,66.4,1,7.1,3.4,2,16.6,0,0
SS2538,55.8,79.9,6,87.5,74.8,0,6.4,0.8,2,17.9,1,0
SS2539,64.8,73.0,6,62.7,53.3,1,5.8,0.5,0,0.0,1,0
SS2540,94.2,91.6,4,90.6,72.2,0,11.8,1.7,0,11.5,1,0
SS2541,72.9,63.5,5,76.8,65.9,0,0.0,0.2,2,15.5,1,0
SS2542,86.1,95.0,4,85.8,72.0,0,15.9,0.7,0,16.8,1,0
SS2543,78.8,63.0,5,66.7,58.8,3,8.7,2.3,0,1.6,1,0
SS2544,74.7,69.3,3,72.6,67.4,0,11.1,1.9,0,11.6,0,0
SS2545,92.4,60.8,4,60.6,43.9,1,11.6,1.2,2,7.5,0,0
SS2546,73.2,70.8,4,76.5,65.4,1,4.5,1.5,1,19.9,0,0
SS2547,54.6,76.9,4,71.1,65.6,0,3.4,1.1,3,0.0,1,1
SS2548,66.4,64.5,4,61.4,53.7,0,2.8,1.5,0,1.6,1,0
SS2549,82.6,89.1,3,81.3,73.7,1,6.8,0.9,0,0.0,0,0
SS2550,80.7,69.1,5,69.2,60.5,1,11.5,1.0,0,8.0,1,0
SS2551,57.2,69.5,4,72.5,69.2,0,5.1,1.0,2,22.8,1,0
SS2552,67.3,54.2,6,54.3,51.5,1,11.0,0.9,0,6.7,1,0
SS2553,69.0,71.4,3,69.5,65.5,0,0.0,2.3,3,7.7,1,1
SS2554,71.6,64.3,5,63.0,59.3,2,6.1,2.1,1,10.9,1,1
SS2555,59.5,58.1,3,61.4,44.2,1,13.8,0.8,2,6.2,1,0
SS2556,68.5,55.9,5,52.2,45.1,0,7.1,0.5,2,9.6,1,1
SS2557,67.3,95.0,4,85.2,68.5,0,3.9,1.4,1,9.7,0,0
SS2558,85.3,62.6,4,74.9,55.3,0,4.7,3.2,2,1.1,1,0
SS2559,85.7,47.1,5,46.6,32.5,0,0.0,0.7,0,6.3,1,0
SS2560,74.3,56.9,6,52.9,37.6,0,2.9,1.4,2,12.2,1,0
SS2561,71.3,65.3,4,70.8,65.4,1,13.3,1.6,2,13.5,0,1
SS2562,77.7,73.1,6,64.7,53.3,1,5.1,1.4,1,16.1,1,1
SS2563,66.2,73.2,3,67.0,56.3,1,5.7,1.1,0,9.3,1,0
SS2564,62.2,74.8,4,70.2,64.6,2,0.0,2.4,3,9.5,1,1
SS2565,64.7,57.6,4,53.0,29.8,0,0.0,1.9,3,12.3,0,1
SS2566,68.4,70.4,6,90.9,88.7,0,14.0,2.2,1,2.8,1,0
SS2567,62.0,54.6,3,62.8,59.4,1,11.1,2.0,3,2.5,1,1
SS2568,77.9,57.9,4,63.7,57.6,0,1.5,2.2,1,6.1,1,1
SS2569,84.8,54.1,4,42.6,25.6,1,4.8,2.8,0,0.0,0,1
SS2570,57.0,50.6,6,43.4,26.8,0,7.9,2.6,1,9.8,1,0
SS2571,76.3,79.8,4,82.0,77.9,3,2.0,3.4,0,14.3,1,0
SS2572,73.4,75.0,6,91.2,81.7,0,0.0,2.5,1,2.0,1,0
SS2573,80.1,78.7,5,73.8,69.6,0,7.2,1.0,1,10.0,1,0
SS2574,75.8,66.5,5,78.0,64.4,0,10.9,2.2,0,2.6,1,0
SS2575,58.6,76.1,6,78.6,69.9,0,11.0,2.1,0,0.0,1,0
SS2576,60.9,43.1,3,45.3,43.8,2,12.4,3.0,2,21.4,1,1
SS2577,76.4,77.2,4,85.6,80.7,0,0.2,0.7,2,0.0,0,0
SS2578,88.3,68.3,5,65.1,61.4,0,8.3,1.9,3,0.0,1,0
SS2579,49.4,74.2,3,59.9,56.6,0,6.7,1.0,0,8.5,0,0
SS2580,80.1,70.9,3,83.2,69.7,1,7.6,1.9,2,8.9,1,0
SS2581,90.3,53.2,3,64.4,53.8,1,6.9,1.3,0,11.7,0,0
SS2582,74.2,46.5,6,51.1,40.7,0,4.7,1.9,0,21.0,1,1
SS2583,82.6,56.7,5,50.1,40.9,1,0.0,0.4,2,1.6,1,0
SS2584,67.6,73.3,4,76.4,64.1,0,13.8,2.1,1,3.0,1,0
SS2585,74.6,75.0,5,81.8,78.5,1,9.6,1.7,2,18.3,1,0
SS2586,56.5,48.2,5,58.6,53.9,0,0.6,1.6,0,13.6,1,0
SS2587,47.9,53.2,6,49.7,38.7,0,10.4,3.1,0,12.6,1,1
SS2588,87.3,56.6,6,47.5,37.5,0,5.8,1.2,1,2.9,0,0
SS2589,64.2,61.4,6,70.5,61.3,1,5.9,1.8,0,14.9,1,1
SS2590,70.5,48.3,3,49.2,42.5,2,4.2,1.6,0,12.6,1,0
SS2591,59.4,47.5,6,49.9,43.4,0,10.7,1.7,0,8.3,0,1
SS2592,59.1,55.3,4,46.6,36.6,0,4.0,3.3,0,2.9,1,1
SS2593,73.9,67.1,4,60.8,47.7,0,2.5,1.6,2,7.7,0,1
SS2594,67.2,50.7,5,55.1,28.8,0,13.7,1.0,0,18.5,1,1
SS2595,80.5,64.5,5,63.1,42.0,1,7.1,3.0,1,0.0,1,0
SS2596,81.4,79.8,4,86.1,84.6,0,7.3,1.3,1,1.4,0,0
SS2597,79.9,49.1,6,41.7,34.1,2,11.5,0.2,1,2.6,1,0
SS2598,78.9,63.3,3,64.1,53.2,0,4.7,0.9,1,4.1,1,0
SS2599,94.9,79.3,3,84.4,80.4,1,5.7,0.5,1,6.9,1,0
SS2600,63.2,60.6,3,60.9,57.9,1,9.5,0.1,2,13.7,1,1
